ext_id,code,reconcile,type,user_type,name,sat_group_,nature,parent
"bamc_0000","0000","False","Vista","account.data_account_type_view","BAMC","l10n_mx.g899","Acreedora",""
"bamc_1000","1000","False","Vista","account.account_type_asset_view1","ACTIVO","l10n_mx.g100","Deudora","bamc_0000"
"bamc_1101","1101","False","Vista","account.account_type_asset_view1","CAJA Y EFECTIVO","l10n_mx.g101","Deudora","bamc_1000"
"bamc_1101001","1101-001","False","Liquidez","account.data_account_type_cash","CAJA Y EFECTIVO.-OFICINA","l10n_mx.g101_01","Deudora","bamc_1101"
"bamc_1101002","1101-002","False","Liquidez","account.data_account_type_cash","CAJA Y EFECTIVO.-POR VENTAS","l10n_mx.g101_01","Deudora","bamc_1101"
"bamc_1102","1102","False","Vista","account.account_type_asset_view1","BANCOS","l10n_mx.g102","Deudora","bamc_1000"
"bamc_1102001","1102-001","False","Vista","account.account_type_asset_view1","BANCOS NACIONALES","l10n_mx.g102_01","Deudora","bamc_1102"
"bamc_11020010001","1102-001-0001","False","Liquidez","account.data_account_type_bank","BANCOS.-Banamex Cta.6051481","l10n_mx.g102_01","Deudora","bamc_1102001"
"bamc_11020010002","1102-001-0002","False","Liquidez","account.data_account_type_bank","BANCOS.-BanRegio Cta.112011450019","l10n_mx.g102_01","Deudora","bamc_1102001"
"bamc_11020010003","1102-001-0003","False","Liquidez","account.data_account_type_bank","BANCOS.-BanRegio Cta.112014550014","l10n_mx.g102_01","Deudora","bamc_1102001"
"bamc_11020010004","1102-001-0004","False","Liquidez","account.data_account_type_bank","BANCOS.-Banregio Cta.112987650012","l10n_mx.g102_01","Deudora","bamc_1102001"
"bamc_11020010005","1102-001-0005","False","Liquidez","account.data_account_type_bank","BANCOS.-Santander Cta.65505052006","l10n_mx.g102_01","Deudora","bamc_1102001"
"bamc_11020010006","1102-001-0006","False","Liquidez","account.data_account_type_bank","BANCOS.-HSBC Cta.4058842691","l10n_mx.g102_01","Deudora","bamc_1102001"
"bamc_11020010007","1102-001-0007","False","Liquidez","account.data_account_type_bank","BANCOS.-Banorte Cta.-0438873931","l10n_mx.g102_01","Deudora","bamc_1102001"
"bamc_1103","1103","False","Vista","account.account_type_asset_view1","INVENTARIOS","l10n_mx.g115","Deudora","bamc_1000"
"bamc_1103001","1103-001","False","Normal","account.data_account_type_asset","INVENTARIOS.-Bodega General","l10n_mx.g115_01","Deudora","bamc_1103"
"bamc_1104","1104","False","Vista","account.account_type_asset_view1","CLIENTES","l10n_mx.g105","Deudora","bamc_1000"
"bamc_1104001","1104-001","True","A cobrar","account.data_account_type_receivable","CLIENTES BAMC.-General","l10n_mx.g105_01","Deudora","bamc_1104"
"bamc_1104002","1104-002","True","A cobrar","account.data_account_type_receivable","CLIENTES BAMC.-Cobranza","l10n_mx.g105_01","Deudora","bamc_1104"
"bamc_1104005","1104-005","True","A cobrar","account.data_account_type_receivable","CLIENTES BAMC.-Inc","l10n_mx.g105_01","Deudora","bamc_1104"
"bamc_1104006","1104-006","True","A cobrar","account.data_account_type_receivable","CLIENTES BAMC.-Empl","l10n_mx.g105_01","Deudora","bamc_1104"
"bamc_1104007","1104-007","True","A cobrar","account.data_account_type_receivable","CLIENTES BAMC.-No Identificados","l10n_mx.g105_01","Deudora","bamc_1104"
"bamc_1105","1105","True","A cobrar","account.data_account_type_receivable","FUNCIONARIOS Y EMPLEADOS","l10n_mx.g107","Deudora","bamc_1000"
"bamc_1106","1106","False","Vista","account.account_type_asset_view1","ANTICIPO A IMPUESTOS","l10n_mx.g121","Deudora","bamc_1000"
"bamc_1106001","1106-001","False","Normal","account.data_account_type_asset","ANTICIPO A IMPUESTOS.-Pagos Provisionales de ISR","l10n_mx.g114_01","Deudora","bamc_1106"
"bamc_1106002","1106-002","False","Normal","account.data_account_type_asset","ANTICIPO A IMPUESTOS.-Subsidio Empleo por Aplicar","l10n_mx.g110_01","Deudora","bamc_1106"
"bamc_1106004","1106-004","False","Normal","account.data_account_type_asset","ANTICIPO A IMPUESTOS.- Impuesto Depositos Efectivo","l10n_mx.g113_05","Deudora","bamc_1106"
"bamc_1106005","1106-005","False","Normal","account.data_account_type_asset","ANTICIPO A IMPUESTOS.-ISR Retenido por Intereses","l10n_mx.g113_08","Deudora","bamc_1106"
"bamc_1106006","1106-006","False","Normal","account.data_account_type_asset","ANTICIPO A IMPUESTOS.-IVA Retenido","l10n_mx.g113_08","Deudora","bamc_1106"
"bamc_1107","1107","False","Vista","account.account_type_asset_view1","IVA ACREDITABLE","l10n_mx.g118","Deudora","bamc_1000"
"bamc_1107001","1107-001","False","Normal","account.data_account_type_asset","IVA ACREDITABLE.-IVA Acreditable Pagado","l10n_mx.g118_01","Deudora","bamc_1107"
"bamc_1107002","1107-002","False","Normal","account.data_account_type_asset","IVA ACREDITABLE.-IVA Acreditable a Favor","l10n_mx.g113_01","Deudora","bamc_1107"
"bamc_1108","1108","False","Vista","account.account_type_asset_view1","IVA POR ACREEDITAR","l10n_mx.g119","Deudora","bamc_1000"
"bamc_1108001","1108-001","False","Normal","account.data_account_type_asset","IVA POR ACREDITAR.-IVA Pendiente de Pago","l10n_mx.g119_01","Deudora","bamc_1108"
"bamc_1109","1109","False","A cobrar","account.data_account_type_receivable","ANTICIPO A PROVEEDORES","l10n_mx.g120_01","Deudora","bamc_1000"
"bamc_1110","1110","True","Vista","account.account_type_asset_view1","GASTOS POR COMPROBAR","l10n_mx.g121","Deudora","bamc_1000"
"bamc_1110001","1110-001","True","A cobrar","account.data_account_type_receivable","GASTOS POR COMPROBAR.-General","l10n_mx.g121_01","Deudora","bamc_1110"
"bamc_1110002","1110-002","True","A cobrar","account.data_account_type_receivable","GASTOS POR COMPROBAR.-Matriz","l10n_mx.g121_01","Deudora","bamc_1110"
"bamc_1111","1111","True","A cobrar","account.data_account_type_receivable","DEUDORES INTERCOMPAÃ‘IAS","l10n_mx.g107","Deudora","bamc_1000"
"bamc_1113","1113","False","Vista","account.account_type_asset_view1","INVERSIONES","l10n_mx.g103","Deudora","bamc_1000"
"bamc_11131","1113-1","False","Normal","account.data_account_type_asset","INVERSIONES.-Banco Nacional de Mexico","l10n_mx.g103_01","Deudora","bamc_1113"
"bamc_1200","1200","False","Vista","account.account_type_asset_view1","ACTIVO FIJO","l10n_mx.g100_02","Deudora","bamc_1000"
"bamc_1201","1201","False","Vista","account.account_type_asset_view1","EQUIPO DE TRANSPORTE","l10n_mx.g154","Deudora","bamc_1200"
"bamc_1201001","1201-001","False","Normal","account.data_account_type_asset","EQUIPO DE TRANSPORTE.-Nissan 2004  C-56","l10n_mx.g154_01","Deudora","bamc_1201"
"bamc_1201002","1201-002","False","Normal","account.data_account_type_asset","EQUIPO DE TRANSPORTE.-Moto Honda 2013","l10n_mx.g154_01","Deudora","bamc_1201"
"bamc_1201003","1201-003","False","Normal","account.data_account_type_asset","EQUIPO DE TRANSPORTE.Camion Dodge 2010 H-100 M-353","l10n_mx.g154_01","Deudora","bamc_1201"
"bamc_1201004","1201-004","False","Normal","account.data_account_type_asset","EQUIPO DE TRANSPORTE.Camion Dodge 2010 H-100 M-354","l10n_mx.g154_01","Deudora","bamc_1201"
"bamc_1201005","1201-005","False","Normal","account.data_account_type_asset","EQUIPO DE TRANSPORTE.Camion Dodge 2010 H-100 M-355","l10n_mx.g154_01","Deudora","bamc_1201"
"bamc_1201006","1201-006","False","Normal","account.data_account_type_asset","EQUIPO DE TRANSPORTE.Camion Dodge 2010 H-100 M-356","l10n_mx.g154_01","Deudora","bamc_1201"
"bamc_1201007","1201-007","False","Normal","account.data_account_type_asset","EQUIPO DE TRANSPORTE.Camion Dodge 2010 H-100 M-357","l10n_mx.g154_01","Deudora","bamc_1201"
"bamc_1201008","1201-008","False","Normal","account.data_account_type_asset","EQUIPO DE TRANSPORTE.Camion Dodge 2010 H-100 M-358","l10n_mx.g154_01","Deudora","bamc_1201"
"bamc_1201009","1201-009","False","Normal","account.data_account_type_asset","EQUIPO DE TRANSPORTE.Camion Dodge 2010 H-100 M-347","l10n_mx.g154_01","Deudora","bamc_1201"
"bamc_1201010","1201-010","False","Normal","account.data_account_type_asset","EQUIPO DE TRANSPORTE.Camion Dodge 2010 H-100 M-348","l10n_mx.g154_01","Deudora","bamc_1201"
"bamc_1201011","1201-011","False","Normal","account.data_account_type_asset","EQUIPO DE TRANSPORTE.Camion Dodge 2010 H-100 M-349","l10n_mx.g154_01","Deudora","bamc_1201"
"bamc_1201012","1201-012","False","Normal","account.data_account_type_asset","EQUIPO DE TRANSPORTE.Camion Dodge 2010 H-100 M-350","l10n_mx.g154_01","Deudora","bamc_1201"
"bamc_1201013","1201-013","False","Normal","account.data_account_type_asset","EQUIPO DE TRANSPORTE.Camion Dodge 2010 H-100 M-351","l10n_mx.g154_01","Deudora","bamc_1201"
"bamc_1201014","1201-014","False","Normal","account.data_account_type_asset","EQUIPO DE TRANSPORTE.Camion Dodge 2010 H-100 M-352","l10n_mx.g154_01","Deudora","bamc_1201"
"bamc_1201015","1201-015","False","Normal","account.data_account_type_asset","EQUIPO DE TRANSPORTE.-Honda Accord 2001 A-27","l10n_mx.g154_01","Deudora","bamc_1201"
"bamc_1201016","1201-016","False","Normal","account.data_account_type_asset","EQUIPO DE TRANSPORTE.-Freighliner 2011 M-359","l10n_mx.g154_01","Deudora","bamc_1201"
"bamc_1201017","1201-017","False","Normal","account.data_account_type_asset","EQUIPO DE TRANSPORTE.-Freighliner 2011 M-361","l10n_mx.g154_01","Deudora","bamc_1201"
"bamc_1201018","1201-018","False","Normal","account.data_account_type_asset","EQUIPO DE TRANSPORTE.-Freighliner 2011 M-360","l10n_mx.g154_01","Deudora","bamc_1201"
"bamc_1201019","1201-019","False","Normal","account.data_account_type_asset","EQUIPO DE TRANSPORTE.-Tornado 2005 A-52","l10n_mx.g154_01","Deudora","bamc_1201"
"bamc_1201020","1201-020","False","Normal","account.data_account_type_asset","EQUIPO DE TRANSPORTE.-Sterling ST360 D06721","l10n_mx.g154_01","Deudora","bamc_1201"
"bamc_1201021","1201-021","False","Normal","account.data_account_type_asset","EQUIPO DE TRANSPORTE.-Sterling ST360 38 D05555","l10n_mx.g154_01","Deudora","bamc_1201"
"bamc_1201024","1201-024","False","Normal","account.data_account_type_asset","EQUIPO DE TRANSPORTE.-Camion Dodge 2008 s:8u352423","l10n_mx.g154_01","Deudora","bamc_1201"
"bamc_1201025","1201-025","False","Normal","account.data_account_type_asset","EQUIPO DE TRANSPORTE.-Isuzu Elf300 #793983","l10n_mx.g154_01","Deudora","bamc_1201"
"bamc_1201026","1201-026","False","Normal","account.data_account_type_asset","EQUIPO DE TRANSPORTE.-Isuzu tipoE #4JJ1-TC701362","l10n_mx.g154_01","Deudora","bamc_1201"
"bamc_1201027","1201-027","False","Normal","account.data_account_type_asset","EQUIPO DE TRANSPORTE.-Nissan Chasis Cabina","l10n_mx.g154_01","Deudora","bamc_1201"
"bamc_1201028","1201-028","False","Normal","account.data_account_type_asset","EQUIPO DE TRANSPORTE.-Volkswagen Van","l10n_mx.g154_01","Deudora","bamc_1201"
"bamc_1201029","1201-029","False","Normal","account.data_account_type_asset","EQUIPO DE TRANSPORTE.-Chevrolet Tornado","l10n_mx.g154_01","Deudora","bamc_1201"
"bamc_1201030","1201-030","False","Normal","account.data_account_type_asset","EQUIPO DE TRANSPORTE.Camion Isuzu M-374","l10n_mx.g154_01","Deudora","bamc_1201"
"bamc_1201031","1201-031","False","Normal","account.data_account_type_asset","EQUIPO DE TRANSPORTE.Camion Isuzu M-375","l10n_mx.g154_01","Deudora","bamc_1201"
"bamc_1201032","1201-032","False","Normal","account.data_account_type_asset","EQUIPO DE TRANSPORTE.Camion Isuzu M-376","l10n_mx.g154_01","Deudora","bamc_1201"
"bamc_1201033","1201-033","False","Normal","account.data_account_type_asset","EQUIPO DE TRANSPORTE.Camion Isuzu M-377","l10n_mx.g154_01","Deudora","bamc_1201"
"bamc_1201034","1201-034","False","Normal","account.data_account_type_asset","EQUIPO DE TRANSPORTE.Camion Isuzu M-378","l10n_mx.g154_01","Deudora","bamc_1201"
"bamc_1201035","1201-035","False","Normal","account.data_account_type_asset","EQUIPO DE TRANSPORTE.Camion Isuzu M-379","l10n_mx.g154_01","Deudora","bamc_1201"
"bamc_1201036","1201-036","False","Normal","account.data_account_type_asset","EQUIPO DE TRANSPORTE.-Montacargas Clark Mod. GCS","l10n_mx.g154_01","Deudora","bamc_1201"
"bamc_1201037","1201-037","False","Normal","account.data_account_type_asset","EQUIPO DE TRANSPORTE.-Semiremolque Caja Mod-98","l10n_mx.g154_01","Deudora","bamc_1201"
"bamc_1201038","1201-038","False","Normal","account.data_account_type_asset","EQUIPO DE TRANSPORTE.-Isuzu Elf300 AÃ’o 2008 (Usado","l10n_mx.g154_01","Deudora","bamc_1201"
"bamc_1201039","1201-039","False","Normal","account.data_account_type_asset","EQUIPO DE TRANSPORTE.- Acura 2018 (SUV)","l10n_mx.g154_01","Deudora","bamc_1201"
"bamc_1202","1202","False","Vista","account.account_type_asset_view1","MOBILIARIO Y EQUIPO DE OFICINA","l10n_mx.g155","Deudora","bamc_1200"
"bamc_1202001","1202-001","False","Normal","account.data_account_type_asset","EQUIPO DE OFICINA.-Impresora FS-1035 MFP","l10n_mx.g155_01","Deudora","bamc_1202"
"bamc_1202002","1202-002","False","Normal","account.data_account_type_asset","EQUIPO DE OFICINA.-Pantalla Led 50 Panasonic","l10n_mx.g155_01","Deudora","bamc_1202"
"bamc_1202003","1202-003","False","Normal","account.data_account_type_asset","EQUIPO DE OFICINA.- Conmutador XorcomXR2069","l10n_mx.g155_01","Deudora","bamc_1202"
"bamc_1202008","1202-008","False","Normal","account.data_account_type_asset","EQUIPO DE OFICINA.-Regulador Maruson/Bateria","l10n_mx.g155_01","Deudora","bamc_1202"
"bamc_1202009","1202-009","False","Normal","account.data_account_type_asset","EQUIPO DE OFICINA.-Impresora Epson L300","l10n_mx.g155_01","Deudora","bamc_1202"
"bamc_1203","1203","False","Vista","account.account_type_asset_view1","EQUIPO DE MERCADEO","l10n_mx.g169","Deudora","bamc_1200"
"bamc_1203001","1203-001","False","Normal","account.data_account_type_asset","Exhibidores","l10n_mx.g169_01","Deudora","bamc_1203"
"bamc_1203002","1203-002","False","Normal","account.data_account_type_asset","Enfriadores","l10n_mx.g169_01","Deudora","bamc_1203"
"bamc_1203003","1203-003","False","Normal","account.data_account_type_asset","Envase","l10n_mx.g169_01","Deudora","bamc_1203"
"bamc_1203004","1203-004","False","Normal","account.data_account_type_asset","Refrigeradores","l10n_mx.g169_01","Deudora","bamc_1203"
"bamc_1203005","1203-005","False","Normal","account.data_account_type_asset","Racks","l10n_mx.g169_01","Deudora","bamc_1203"
"bamc_1203006","1203-006","False","Normal","account.data_account_type_asset","Hieleras","l10n_mx.g169_01","Deudora","bamc_1203"
"bamc_1203007","1203-007","False","Normal","account.data_account_type_asset","Tortillas","l10n_mx.g169_01","Deudora","bamc_1203"
"bamc_1204","1204","False","Vista","account.account_type_asset_view1","MAQUINARIA Y EQUIPO","l10n_mx.g153","Deudora","bamc_1200"
"bamc_1204002","1204-002","False","Normal","account.data_account_type_asset","MAQ Y EQUIPO.-Planta Piloto de produc. de Bebidas","l10n_mx.g153_01","Deudora","bamc_1204"
"bamc_1204003","1204-003","False","Normal","account.data_account_type_asset","MAQ Y EQUIPO.-Transportadora de Racks","l10n_mx.g153_01","Deudora","bamc_1204"
"bamc_1204004","1204-004","False","Normal","account.data_account_type_asset","MAQ Y EQUIPO.-Contenedor y Filtros pozo 2","l10n_mx.g153_01","Deudora","bamc_1204"
"bamc_1204005","1204-005","False","Normal","account.data_account_type_asset","MAQ Y EQUIPO.-Codificador Citronix Ci3200","l10n_mx.g153_01","Deudora","bamc_1204"
"bamc_1204006","1204-006","False","Normal","account.data_account_type_asset","MAQ Y EQUIPO.-Maquina Sopladora de envase","l10n_mx.g153_01","Deudora","bamc_1204"
"bamc_1204007","1204-007","False","Normal","account.data_account_type_asset","MAQ Y EQUIPO.-Codificador Citronix CI-3300","l10n_mx.g153_01","Deudora","bamc_1204"
"bamc_1204008","1204-008","False","Normal","account.data_account_type_asset","MAQ Y EQUIPO.-Medidor de Agua","l10n_mx.g153_01","Deudora","bamc_1204"
"bamc_1204009","1204-009","False","Normal","account.data_account_type_asset","MAQ Y EQUIPO.-Llenadora, Lavadora y Taponadora","l10n_mx.g153_01","Deudora","bamc_1204"
"bamc_1204010","1204-010","False","Normal","account.data_account_type_asset","MAQ Y EQUIPO.-Transformador  serv 007","l10n_mx.g153_01","Deudora","bamc_1204"
"bamc_1204011","1204-011","False","Normal","account.data_account_type_asset","MAQ Y EQUIPO.-Transportador de Aire","l10n_mx.g153_01","Deudora","bamc_1204"
"bamc_1204012","1204-012","False","Normal","account.data_account_type_asset","MAQ Y EQUIPO.-Selladora SMIPACK","l10n_mx.g153_01","Deudora","bamc_1204"
"bamc_1204013","1204-013","False","Normal","account.data_account_type_asset","MAQ Y EQUIPO.-Maq. envolvedora 15125023","l10n_mx.g153_01","Deudora","bamc_1204"
"bamc_1204014","1204-014","False","Normal","account.data_account_type_asset","MAQ Y EQUIPO.-Compresor Ingersoll Rand 2545","l10n_mx.g153_01","Deudora","bamc_1204"
"bamc_1204015","1204-015","False","Normal","account.data_account_type_asset","MAQ Y EQUIPO.-Membranas Hidrahulicas","l10n_mx.g153_01","Deudora","bamc_1204"
"bamc_1204016","1204-016","False","Normal","account.data_account_type_asset","MAQ Y EQUIPO.-Palnta Solar (20 placas Fotovoltaica","l10n_mx.g153_01","Deudora","bamc_1204"
"bamc_1204017","1204-017","False","Normal","account.data_account_type_asset","MAQ Y EQUIPO.-Empaquetadora Monobloque Semi-Automa","l10n_mx.g153_01","Deudora","bamc_1204"
"bamc_12041","1204-1","False","Normal","account.data_account_type_asset","MAQ Y EQUIPO.-Transformador 300KVA Serie:137541","l10n_mx.g153_01","Deudora","bamc_1204"
"bamc_1205","1205","False","Vista","account.account_type_asset_view1","EQUIPO DE COMPUTO","l10n_mx.g156","Deudora","bamc_1200"
"bamc_1205001","1205-001","False","Normal","account.data_account_type_asset","EQUIPO DE COMPUTO.-Lector de Huella Hamster","l10n_mx.g156_01","Deudora","bamc_1205"
"bamc_1205003","1205-003","False","Normal","account.data_account_type_asset","EQUIPO DE COMPUTO.- Eqpo. de comp. caja ATC450w","l10n_mx.g156_01","Deudora","bamc_1205"
"bamc_1205004","1205-004","False","Normal","account.data_account_type_asset","EQUIPO DE COMPUTO.- Eqpo. de comp. caja ATX CM-3K2","l10n_mx.g156_01","Deudora","bamc_1205"
"bamc_1205005","1205-005","False","Normal","account.data_account_type_asset","EQUIPO DE COMPUTO.-Eqpo. de comp. intel core i3/18","l10n_mx.g156_01","Deudora","bamc_1205"
"bamc_1205006","1205-006","False","Normal","account.data_account_type_asset","EQUIPO DE COMPUTO.-Eqpo. de comp. intel core i3/21","l10n_mx.g156_01","Deudora","bamc_1205"
"bamc_1205007","1205-007","False","Normal","account.data_account_type_asset","EQUIPO DE COMPUTO.-Intel Due core G2030(4)","l10n_mx.g156_01","Deudora","bamc_1205"
"bamc_1205008","1205-008","False","Normal","account.data_account_type_asset","EQUIPO DE COMPUTO.-Eqpo. de comp IntelCore i3 4150","l10n_mx.g156_01","Deudora","bamc_1205"
"bamc_1205012","1205-012","False","Normal","account.data_account_type_asset","EQUIPO DE COMPUTO.-Impresora Epson M105","l10n_mx.g156_01","Deudora","bamc_1205"
"bamc_1205013","1205-013","False","Normal","account.data_account_type_asset","EQUIPO DE COMPUTO.-Terminal L300 4PTS -1","l10n_mx.g156_01","Deudora","bamc_1205"
"bamc_1205014","1205-014","False","Normal","account.data_account_type_asset","EQUIPO DE COMPUTO.-Terminal L300 4PTS- 2","l10n_mx.g156_01","Deudora","bamc_1205"
"bamc_1205015","1205-015","False","Normal","account.data_account_type_asset","EQUIPO DE COMPUTO.-Impresosra EPSON M10535PPM","l10n_mx.g156_01","Deudora","bamc_1205"
"bamc_1205016","1205-016","False","Normal","account.data_account_type_asset","EQUIPO DE COMPUTO.-Monitor AOC LED 21.5","l10n_mx.g156_01","Deudora","bamc_1205"
"bamc_1205017","1205-017","False","Normal","account.data_account_type_asset","EQUIPO DE COMPUTO.-Monitor LED 18.5 AOC","l10n_mx.g156_01","Deudora","bamc_1205"
"bamc_1205018","1205-018","False","Normal","account.data_account_type_asset","EQUIPO DE COMPUTO.-Monitor AOC LED 21.5/1","l10n_mx.g156_01","Deudora","bamc_1205"
"bamc_1205019","1205-019","False","Normal","account.data_account_type_asset","EQUIPO DE COMPUTO.-Lector HONEYWELL MX9520-37","l10n_mx.g156_01","Deudora","bamc_1205"
"bamc_1205021","1205-021","False","Normal","account.data_account_type_asset","EQUIPO DE COMPUTO.-Eqpo. de com. intel dual SATAII","l10n_mx.g156_01","Deudora","bamc_1205"
"bamc_1205022","1205-022","False","Normal","account.data_account_type_asset","EQUIPO DE COMPUTO.-Eqpo. de comp s/monitor","l10n_mx.g156_01","Deudora","bamc_1205"
"bamc_1205023","1205-023","False","Normal","account.data_account_type_asset","EQUIPO DE COMPUTO.-Laptop Acer E5","l10n_mx.g156_01","Deudora","bamc_1205"
"bamc_1205024","1205-024","False","Normal","account.data_account_type_asset","EQUIPO DE COMPUTO.-Monitor Led 18.5 AOC 1366X768","l10n_mx.g156_01","Deudora","bamc_1205"
"bamc_1205025","1205-025","False","Normal","account.data_account_type_asset","EQUIPO DE COMPUTO.-Bateria Maruson UPS700VA","l10n_mx.g156_01","Deudora","bamc_1205"
"bamc_1205026","1205-026","False","Normal","account.data_account_type_asset","EQUIPO DE COMPUTO.-Impresora zebra (cuponera)","l10n_mx.g156_01","Deudora","bamc_1205"
"bamc_1205027","1205-027","False","Normal","account.data_account_type_asset","EQUIPO DE COMPUTO.-Impresora canon MAXIFI ventas","l10n_mx.g156_01","Deudora","bamc_1205"
"bamc_1205028","1205-028","False","Normal","account.data_account_type_asset","EQUIPO DE COMPUTO.-Unidad de Respaldo NAS","l10n_mx.g156_01","Deudora","bamc_1205"
"bamc_1205029","1205-029","False","Normal","account.data_account_type_asset","EQUIPO DE COMPUTO.-Computadora BENQ 24&quot","l10n_mx.g156_01","Deudora","bamc_1205"
"bamc_1205030","1205-030","False","Normal","account.data_account_type_asset","EQUIPO DE COMPUTO.-Ipad Pro 12.9 256GB""","l10n_mx.g156_01","Deudora","bamc_1205"
"bamc_1205031","1205-031","False","Normal","account.data_account_type_asset","EQUIPO DE COMPUTO.-Lector Honeywell MS9520","l10n_mx.g156_01","Deudora","bamc_1205"
"bamc_1205032","1205-032","False","Normal","account.data_account_type_asset","EQUIPO DE COMPUTO.-Impresora Epson M105","l10n_mx.g156_01","Deudora","bamc_1205"
"bamc_1205033","1205-033","False","Normal","account.data_account_type_asset","EQUIPO DE COMPUTO.-Lector Honeywll MS9520","l10n_mx.g156_01","Deudora","bamc_1205"
"bamc_1205034","1205-034","False","Normal","account.data_account_type_asset","EQUIPO DE COMPUTO.-Impresora Godex EZ120","l10n_mx.g156_01","Deudora","bamc_1205"
"bamc_1215","1215","False","Vista","account.account_type_asset_view1","DEPRECIACION ACUMULADA DE EQUIPO","l10n_mx.g171","Acreedora","bamc_1200"
"bamc_12151","1215-1","False","Normal","account.data_account_type_asset","DEPRECIACION ACUM.-Equipo de Transporte","l10n_mx.g171_03","Acreedora","bamc_1215"
"bamc_12152","1215-2","False","Normal","account.data_account_type_asset","DEPRECIACION ACUM.-Mobiliario y Equipo de Oficina","l10n_mx.g171_04","Acreedora","bamc_1215"
"bamc_12153","1215-3","False","Normal","account.data_account_type_asset","DEPRECIACION ACUM.-Maquinaria y Equipo","l10n_mx.g171_02","Acreedora","bamc_1215"
"bamc_12154","1215-4","False","Normal","account.data_account_type_asset","DEPRECIACION ACUM.-Equipo de Computo","l10n_mx.g171_05","Acreedora","bamc_1215"
"bamc_1300","1300","False","Vista","account.account_type_asset_view1","ACTIVO DIFERIDO","l10n_mx.g182","Deudora","bamc_1000"
"bamc_1301","1301","False","Vista","account.account_type_asset_view1","DEPOSITOS EN GARANTIA","l10n_mx.g184","Deudora","bamc_1300"
"bamc_1301001","1301-001","False","Normal","account.data_account_type_asset","DEPOSITO EN GARANTIA.-Fianza SEPOMEX","l10n_mx.g184_01","Deudora","bamc_1301"
"bamc_1301002","1301-002","False","Normal","account.data_account_type_asset","DEPOSITO EN GARANTIA.- Fianza SAT","l10n_mx.g184_01","Deudora","bamc_1301"
"bamc_1301003","1301-003","False","Normal","account.data_account_type_asset","DEPOSITO EN GARANTIA.- Arrendamiento Bodega Mochis","l10n_mx.g184_02","Deudora","bamc_1301"
"bamc_1301004","1301-004","False","Normal","account.data_account_type_asset","DEPOSITO EN GARANTIA.-Fondo Aux Admon de Justicia","l10n_mx.g184_01","Deudora","bamc_1301"
"bamc_1301005","1301-005","False","Normal","account.data_account_type_asset","DEPOSITO EN GARANTIA.-Arrendamiento Guamuchil","l10n_mx.g184_01","Deudora","bamc_1301"
"bamc_1301006","1301-006","False","Normal","account.data_account_type_asset","DEPOSITO EN GARANTIA.-V4B SUBASTADORA AUTOMOTRIZ","l10n_mx.g184_01","Deudora","bamc_1301"
"bamc_1301007","1301-007","False","Normal","account.data_account_type_asset","DEPOSITO EN GARANTIA.-CFE","l10n_mx.g184_01","Deudora","bamc_1301"
"bamc_1301008","1301-008","False","Normal","account.data_account_type_asset","DEPOSITO EN GARANTIA.-INFRA SA DE CV","l10n_mx.g184_01","Deudora","bamc_1301"
"bamc_1301009","1301-009","False","Normal","account.data_account_type_asset","DEPOSITO EN GARANTIA.-Balor Dispersadora SA de CV","l10n_mx.g184_01","Deudora","bamc_1301"
"bamc_1301010","1301-010","False","Normal","account.data_account_type_asset","DEPOSITO EN GARANTIA.-Servicio Postal Mexicano","l10n_mx.g184_01","Deudora","bamc_1301"
"bamc_1301011","1301-011","False","Normal","account.data_account_type_asset","DEPOSITO EN GARANTIA.-Arrendamiento Mazatlan","l10n_mx.g184_01","Deudora","bamc_1301"
"bamc_2000","2000","False","Vista","account.account_type_liability_view1","PASIVO","l10n_mx.g200","Acreedora","bamc_0000"
"bamc_2101","2101","False","Vista","account.account_type_liability_view1","PROVEEDORES","l10n_mx.g201","Acreedora","bamc_2000"
"bamc_2101001","2101-001","True","A pagar","account.data_account_type_payable","PROVEEDORES BAMC.-General","l10n_mx.g201_01","Acreedora","bamc_2101"
"bamc_2102","2102","True","Vista","account.account_type_liability_view1","ACREEDORES DIVERSOS","l10n_mx.g205","Acreedora","bamc_2000"
"bamc_2102001","2102-001","True","A pagar","account.data_account_type_payable","ACREEDORES DIVERSOS.- General","l10n_mx.g205_02","Acreedora","bamc_2102"
"bamc_2102031","2102-031","True","A pagar","account.data_account_type_payable","ACREEDORES DIVERSOS.- BAMC ( Acc)","l10n_mx.g205_01","Acreedora","bamc_2102"
"bamc_2103","2103","False","Vista","account.account_type_liability_view1","IMPUESTOS Y DERECHOS POR PAGAR","l10n_mx.g213","Acreedora","bamc_2000"
"bamc_2103008","2103-008","False","Normal","account.data_account_type_liability","IMP POR PAGAR.-ISR por Pagar","l10n_mx.g213_03","Acreedora","bamc_2103"
"bamc_2103009","2103-009","False","Normal","account.data_account_type_liability","IMP POR PAGAR.-ISR Retenido por Honorarios 10%","l10n_mx.g213_07","Acreedora","bamc_2103"
"bamc_2103010","2103-010","False","Normal","account.data_account_type_liability","IMP POR PAGAR.-ISR Retenido por Arrendamiento 10%","l10n_mx.g213_07","Acreedora","bamc_2103"
"bamc_2103011","2103-011","False","Normal","account.data_account_type_liability","IMP POR PAGAR.-IVA Retenido Honor y Arrend 10.66%","l10n_mx.g213_07","Acreedora","bamc_2103"
"bamc_2103012","2103-012","False","Normal","account.data_account_type_liability","IMP POR PAGAR.-IVA Retenido sobre Fletes 4%","l10n_mx.g213_07","Acreedora","bamc_2103"
"bamc_2103013","2103-013","False","Normal","account.data_account_type_liability","IMP POR PAGAR.-Impuesto Sobre Producto al Trabajo","l10n_mx.g213_07","Acreedora","bamc_2103"
"bamc_2103014","2103-014","False","Normal","account.data_account_type_liability","IMP POR PAGAR.-Seguro Social IMSS","l10n_mx.g213_07","Acreedora","bamc_2103"
"bamc_2103015","2103-015","False","Normal","account.data_account_type_liability","IMP POR PAGAR.-Retiro Cesentia y Vejez","l10n_mx.g213_07","Acreedora","bamc_2103"
"bamc_2103016","2103-016","False","Normal","account.data_account_type_liability","IMP POR PAGAR.-Aportacion Patronal INFONAVIT","l10n_mx.g213_07","Acreedora","bamc_2103"
"bamc_2103017","2103-017","False","Normal","account.data_account_type_liability","IMP POR PAGAR.-Amortizacion de Credito INFONAVIT","l10n_mx.g213_07","Acreedora","bamc_2103"
"bamc_2103018","2103-018","False","Normal","account.data_account_type_liability","IMP POR PAGAR.-Impuesto Estatal Sobre Nominas","l10n_mx.g213_04","Acreedora","bamc_2103"
"bamc_2103019","2103-019","False","Normal","account.data_account_type_liability","IMP POR PAGAR.-Fonacot","l10n_mx.g213_07","Acreedora","bamc_2103"
"bamc_2104","2104","False","Vista","account.account_type_liability_view1","RETENCIONES POR ENTERAR","l10n_mx.g216","Acreedora","bamc_2000"
"bamc_2104001","2104-001","False","Normal","account.data_account_type_liability","RETENCIONES POR ENTERAR.-ISR Reten Honorarios 10%","l10n_mx.g216_04","Acreedora","bamc_2104"
"bamc_2104002","2104-002","False","Normal","account.data_account_type_liability","RETENCIONES POR ENTERAR.-ISR Ret Arrendamiento10%","l10n_mx.g216_03","Acreedora","bamc_2104"
"bamc_2104003","2104-003","False","Normal","account.data_account_type_liability","RETENCIONES POR ENTERAR.-IVA Ret Honorarios 10.66%","l10n_mx.g216_10","Acreedora","bamc_2104"
"bamc_2104004","2104-004","False","Normal","account.data_account_type_liability","RETENCIONES POR ENTERAR.-IVA Ret Sobre Fletes 4%","l10n_mx.g216_10","Acreedora","bamc_2104"
"bamc_2104005","2104-005","False","Normal","account.data_account_type_liability","RETENCIONES POR ENTERAR.-IVA Ret Arrendam 10.66%","l10n_mx.g216_10","Acreedora","bamc_2104"
"bamc_2105","2105","False","Vista","account.account_type_liability_view1","IVA POR PAGAR","l10n_mx.g213","Acreedora","bamc_2000"
"bamc_2105001","2105-001","False","Normal","account.data_account_type_liability","IVA POR PAGAR.-IVA Pendiente por Pagar","l10n_mx.g209_01","Acreedora","bamc_2105"
"bamc_2107","2107","False","Normal","account.data_account_type_liability","PTU POR PAGAR","l10n_mx.g215_01","Acreedora","bamc_2000"
"bamc_2108","2108","False","Vista","account.account_type_liability_view1","IVA TRASLADADO","l10n_mx.g208","Acreedora","bamc_2000"
"bamc_2108001","2108-001","False","Normal","account.data_account_type_liability","IVA TRASLADADO.-IVA Trasladado Cobrado 16%","l10n_mx.g208_01","Acreedora","bamc_2108"
"bamc_2110","2110","True","Vista","account.account_type_liability_view1","ACREEDORES INTERC","l10n_mx.g251","Acreedora","bamc_2000"
"bamc_2110001","2110-001","True","A pagar","account.data_account_type_payable","ACREEDORES INTERCOMPAÑIAS","l10n_mx.g251_01","Acreedora","bamc_2110"
"bamc_2201","2201","False","Vista","account.account_type_liability_view1","PRESTAMOS BANCARIOS","l10n_mx.g256","Acreedora","bamc_2000"
"bamc_2201001","2201-001","True","A pagar","account.data_account_type_payable","PRESTAMOS BANCARIOS.- Banamex 605148-1","l10n_mx.g256_01","Acreedora","bamc_2201"
"bamc_2201002","2201-002","True","A pagar","account.data_account_type_payable","PRESTAMOS BANCARIOS.- Santander 50-00026207-5","l10n_mx.g256_01","Acreedora","bamc_2201"
"bamc_2201003","2201-003","True","A pagar","account.data_account_type_payable","PRESTAMOS BANCARIOS.-American Express BLUE 1008","l10n_mx.g256_01","Acreedora","bamc_2201"
"bamc_2201004","2201-004","True","A pagar","account.data_account_type_payable","PRESTAMOS BANCARIOS.-American Express Green 1002","l10n_mx.g256_01","Acreedora","bamc_2201"
"bamc_2201005","2201-005","True","A pagar","account.data_account_type_payable","PRESTAMOS BANCARIOS.-HSBC 700590079","l10n_mx.g256_01","Acreedora","bamc_2201"
"bamc_2201006","2201-006","True","A pagar","account.data_account_type_payable","PRESTAMOS BANCARIOS.- Banamex Credito 96045","l10n_mx.g256_01","Acreedora","bamc_2201"
"bamc_2201007","2201-007","True","A pagar","account.data_account_type_payable","PRESTAMOS BANCARIOS.- Banorte Acura","l10n_mx.g256_01","Acreedora","bamc_2201"
"bamc_2201008","2201-008","True","A pagar","account.data_account_type_payable","PRESTAMOS BANCARIOS.- Banorte 2076","l10n_mx.g256_01","Acreedora","bamc_2201"
"bamc_2204","2204","False","Vista","account.account_type_liability_view1","ACREEDORES DIVERSOS A LP","l10n_mx.g256","Acreedora","bamc_2000"
"bamc_2204001","2204-001","True","A pagar","account.data_account_type_payable","ACREEDORES DIVERSOS A LP.- Banorte","l10n_mx.g256_01","Acreedora","bamc_2204"
"bamc_2204002","2204-002","True","A pagar","account.data_account_type_payable","ACREEDORES DIVERSOS A LP.- Vision Auomotriz De Sin","l10n_mx.g256_01","Acreedora","bamc_2204"
"bamc_3000","3000","False","Vista","l10n_mx.account_type_view","CAPITAL CONTABLE","l10n_mx.g300","Acreedora","bamc_0000"
"bamc_3101","3101","False","Vista","l10n_mx.account_type_view","CAPITAL SOCIAL","l10n_mx.g301","Acreedora","bamc_3000"
"bamc_3101001","3101-001","False","Normal","account.conf_account_type_equity","CAPITAL SOCIAL.-Capital Fijo","l10n_mx.g301_01","Acreedora","bamc_3101"
"bamc_3201","3201","False","Vista","l10n_mx.account_type_view","RESERVA LEGAL","l10n_mx.g303","Acreedora","bamc_3000"
"bamc_3201001","3201-001","False","Normal","account.conf_account_type_equity","RESERVAL LEGAL.-Reserva Legal","l10n_mx.g303_01","Acreedora","bamc_3201"
"bamc_3301","3301","False","Normal","account.conf_account_type_equity","APORTACIONES PARA FUTUROS AUMENTOS DE CAPITAL","l10n_mx.g301_03","Acreedora","bamc_3000"
"bamc_3500","3500","False","Vista","l10n_mx.account_type_view","RESULTADO DEL EJERCICIO","l10n_mx.g305","Acreedora","bamc_3000"
"bamc_3500001","3500-001","False","Normal","account.conf_account_type_equity","RESULTADO DEL EJERCICIO","l10n_mx.g305_01","Acreedora","bamc_3500"
"bamc_3501","3501","False","Vista","l10n_mx.account_type_view","RESULTADO DE EJERCICIOS ANTERIORES","l10n_mx.g304","Acreedora","bamc_3000"
"bamc_3501004","3501-004","False","Normal","account.conf_account_type_equity","RESULTADO DEL EJERCICIO.-2012","l10n_mx.g304_02","Acreedora","bamc_3501"
"bamc_3501005","3501-005","False","Normal","account.conf_account_type_equity","RESULTADO DEL EJERCICIO.-2013","l10n_mx.g304_01","Acreedora","bamc_3501"
"bamc_3501006","3501-006","False","Normal","account.conf_account_type_equity","RESULTADO DEL EJERCICIO.-2014","l10n_mx.g304_01","Acreedora","bamc_3501"
"bamc_3501007","3501-007","False","Normal","account.conf_account_type_equity","RESULTADO DEL EJERCICIO.-ISR 2014","l10n_mx.g304_01","Acreedora","bamc_3501"
"bamc_3501008","3501-008","False","Normal","account.conf_account_type_equity","RESULTADO DEL EJERCICIO.-2015","l10n_mx.g304_01","Acreedora","bamc_3501"
"bamc_3501009","3501-009","False","Normal","account.conf_account_type_equity","RESULTADO DEL EJERCICIO.-2016","l10n_mx.g304_01","Acreedora","bamc_3501"
"bamc_3501010","3501-010","False","Normal","account.conf_account_type_equity","RESULTADO DEL EJERCICIO.-2017","l10n_mx.g304_01","Acreedora","bamc_3501"
"bamc_4101","4101","False","Vista","account.account_type_expense_view1","GASTOS DE OPERACION","l10n_mx.g602","Deudora","bamc_0000"
"bamc_4101001","4101-001","False","Normal","account.data_account_type_expense","GTOS DE OPER.-Arrendamiento","l10n_mx.g602_45","Deudora","bamc_4101"
"bamc_4101003","4101-003","False","Normal","account.data_account_type_expense","GTOS DE OPER.-Propaganda y Publicidad","l10n_mx.g602_61","Deudora","bamc_4101"
"bamc_4101005","4101-005","False","Normal","account.data_account_type_expense","GTOS DE OPER.-No deducibles","l10n_mx.g602_83","Deudora","bamc_4101"
"bamc_4101006","4101-006","False","Normal","account.data_account_type_expense","GTOS DE OPER.-Mantenimiento y Conservacion","l10n_mx.g602_56","Deudora","bamc_4101"
"bamc_4101013","4101-013","False","Normal","account.data_account_type_expense","GTOS DE OPER.- Fletes y Acarreos","l10n_mx.g602_72","Deudora","bamc_4101"
"bamc_4101016","4101-016","False","Normal","account.data_account_type_expense","GTOS DE OPER.- Diversos Gastos","l10n_mx.g602_84","Deudora","bamc_4101"
"bamc_4101038","4101-038","False","Normal","account.data_account_type_expense","GTOS DE OPER.-Agua Purificada","l10n_mx.g602_51","Deudora","bamc_4101"
"bamc_4101040","4101-040","False","Normal","account.data_account_type_expense","GTOS DE OPER.-Uniformes","l10n_mx.g602_77","Deudora","bamc_4101"
"bamc_4101041","4101-041","False","Normal","account.data_account_type_expense","GTOS DE OPER.-Cuotas al IMSS","l10n_mx.g602_26","Deudora","bamc_4101"
"bamc_4101042","4101-042","False","Normal","account.data_account_type_expense","GTOS DE OPER.-Aportaciones al INFONAVIT","l10n_mx.g602_27","Deudora","bamc_4101"
"bamc_4101043","4101-043","False","Normal","account.data_account_type_expense","GTOS DE OPER.-Aportaciones al RCV","l10n_mx.g602_28","Deudora","bamc_4101"
"bamc_4101044","4101-044","False","Normal","account.data_account_type_expense","GTOS DE OPER.-Impuesto Estatal sobre Nominas","l10n_mx.g602_29","Deudora","bamc_4101"
"bamc_4106","4106","False","Vista","account.account_type_expense_view1","GASTOS DE ADMINISTRACION","l10n_mx.g603","Deudora","bamc_0000"
"bamc_4106001","4106-001","False","Normal","account.data_account_type_expense","GTOS DE ADMON.-HONORARIOS","l10n_mx.g603_34","Deudora","bamc_4106"
"bamc_4106002","4106-002","False","Normal","account.data_account_type_expense","GTOS DE ADMON.-Uniformes de trabajo","l10n_mx.g603_75","Deudora","bamc_4106"
"bamc_4106003","4106-003","False","Normal","account.data_account_type_expense","GTOS DE ADMON.-Telefono y Correos","l10n_mx.g603_50","Deudora","bamc_4106"
"bamc_4106004","4106-004","False","Normal","account.data_account_type_expense","GTOS DE ADMON.-Papeleria y Articulo de Oficina","l10n_mx.g603_55","Deudora","bamc_4106"
"bamc_4106005","4106-005","False","Normal","account.data_account_type_expense","GTOS DE ADMON.-Viaticos y Gastos de Viaje","l10n_mx.g603_49","Deudora","bamc_4106"
"bamc_4106006","4106-006","False","Normal","account.data_account_type_expense","GTOS DE ADMON.-Cuotas y Suscripciones","l10n_mx.g603_60","Deudora","bamc_4106"
"bamc_4106007","4106-007","False","Normal","account.data_account_type_expense","GTOS DE ADMON.-Vigilancia y Seguridad","l10n_mx.g603_53","Deudora","bamc_4106"
"bamc_4106008","4106-008","False","Normal","account.data_account_type_expense","GTOS DE ADMON.-Servicio de Taxi","l10n_mx.g603_16","Deudora","bamc_4106"
"bamc_4106009","4106-009","False","Normal","account.data_account_type_expense","GTOS DE ADMON.-Paqueteria y Mensajeria","l10n_mx.g603_82","Deudora","bamc_4106"
"bamc_4106010","4106-010","False","Normal","account.data_account_type_expense","GTOS DE ADMON.-Mantenimiento Eqpo oficina","l10n_mx.g603_56","Deudora","bamc_4106"
"bamc_4106011","4106-011","False","Normal","account.data_account_type_expense","GTOS DE ADMON.-Mantenimiento Eqpo computo","l10n_mx.g603_56","Deudora","bamc_4106"
"bamc_4106012","4106-012","False","Normal","account.data_account_type_expense","GTOS DE ADMON.-Articulos de Limpieza","l10n_mx.g603_54","Deudora","bamc_4106"
"bamc_4106013","4106-013","False","Normal","account.data_account_type_expense","GTOS DE ADMON.-Gastos de Transporte","l10n_mx.g603_16","Deudora","bamc_4106"
"bamc_4106017","4106-017","False","Normal","account.data_account_type_expense","GTOS DE ADMON.-Robos y/o Asaltos","l10n_mx.g603_81","Deudora","bamc_4106"
"bamc_4106018","4106-018","False","Normal","account.data_account_type_expense","GTOS DE ADMON.-Accesorios para Equipo de Computo","l10n_mx.g603_82","Deudora","bamc_4106"
"bamc_4106019","4106-019","False","Normal","account.data_account_type_expense","GTOS DE ADMON.-Depreciaciones","l10n_mx.g603_81","Deudora","bamc_4106"
"bamc_4106022","4106-022","False","Normal","account.data_account_type_expense","GTOS DE ADMON.-Donativos","l10n_mx.g603_63","Deudora","bamc_4106"
"bamc_4106023","4106-023","False","Normal","account.data_account_type_expense","GTOS DE ADMON.-Capacitacion y Adiestramiento","l10n_mx.g603_62","Deudora","bamc_4106"
"bamc_4106024","4106-024","False","Normal","account.data_account_type_expense","GTOS DE ADMON.-Seguridad e Higiene","l10n_mx.g603_82","Deudora","bamc_4106"
"bamc_4106025","4106-025","False","Normal","account.data_account_type_expense","GTOS DE ADMON.-Patrocinio","l10n_mx.g603_82","Deudora","bamc_4106"
"bamc_4106026","4106-026","False","Normal","account.data_account_type_expense","GTOS DE ADMON.-Internet","l10n_mx.g603_50","Deudora","bamc_4106"
"bamc_4106029","4106-029","False","Normal","account.data_account_type_expense","GTOS DE ADMON.-Libros y Revistas","l10n_mx.g603_82","Deudora","bamc_4106"
"bamc_4106030","4106-030","False","Normal","account.data_account_type_expense","GTOS DE ADMON.- Folios Emitidos CFDI","l10n_mx.g603_82","Deudora","bamc_4106"
"bamc_4106031","4106-031","False","Normal","account.data_account_type_expense","GTOS DE ADMON.-Honorarios Inteligencia de Mercado","l10n_mx.g603_34","Deudora","bamc_4106"
"bamc_4106032","4106-032","False","Normal","account.data_account_type_expense","GTOS DE ADMON.-Seguro Empresarial","l10n_mx.g603_75","Deudora","bamc_4106"
"bamc_4106033","4106-033","False","Normal","account.data_account_type_expense","GTOS. DE ADMON.-Otros Impuestos y Derechos","l10n_mx.g603_58","Deudora","bamc_4106"
"bamc_4106034","4106-034","False","Normal","account.data_account_type_expense","GTOS DE ADMON.-Iva No Acreditado","l10n_mx.g603_82","Deudora","bamc_4106"
"bamc_4106036","4106-036","False","Normal","account.data_account_type_expense","GTOS DE ADMON.-Costo por Venta de Activo Fijo","l10n_mx.g603_82","Deudora","bamc_4106"
"bamc_4106037","4106-037","False","Normal","account.data_account_type_expense","GTOS DE ADMON.-Perdida Contable en Vta de Activo F","l10n_mx.g603_82","Deudora","bamc_4106"
"bamc_4106038","4106-038","False","Normal","account.data_account_type_expense","GTOS DE ADMON.-Pagina Web","l10n_mx.g603_82","Deudora","bamc_4106"
"bamc_4106039","4106-039","False","Normal","account.data_account_type_expense","GTOS DE ADMON.-Asesorias","l10n_mx.g603_82","Deudora","bamc_4106"
"bamc_4106040","4106-040","False","Normal","account.data_account_type_expense","GTOS DE ADMON.- Desarrollos y aplicaciones Softwar","l10n_mx.g603_82","Deudora","bamc_4106"
"bamc_4106041","4106-041","False","Normal","account.data_account_type_expense","GTOS DE ADMON.-Posada Navideña","l10n_mx.g603_82","Deudora","bamc_4106"
"bamc_4106042","4106-042","False","Normal","account.data_account_type_expense","GTOS DE ADMON.-Seguros y Fianzas","l10n_mx.g603_57","Deudora","bamc_4106"
"bamc_4106043","4106-043","False","Normal","account.data_account_type_expense","GTOS DE ADMON.-Gratificacion Anual","l10n_mx.g603_12","Deudora","bamc_4106"
"bamc_4107","4107","False","Vista","account.account_type_expense_view1","GASTOS FINANCIEROS","l10n_mx.g701","Deudora","bamc_0000"
"bamc_4107001","4107-001","False","Normal","account.data_account_type_expense","GTOS FINANCIEROS.-Comisiones Bancarias","l10n_mx.g701_10","Deudora","bamc_4107"
"bamc_4107002","4107-002","False","Normal","account.data_account_type_expense","GTOS FINANCIEROS.-Intereses a Cargo Bancarios","l10n_mx.g701_04","Deudora","bamc_4107"
"bamc_4107003","4107-003","False","Normal","account.data_account_type_expense","GTOS FINANCIEROS.-Perdida Cambiaria","l10n_mx.g701_01","Deudora","bamc_4107"
"bamc_4107004","4107-004","False","Normal","account.data_account_type_expense","GTOS FINANCIEROS.-Comisiones por Apertura","l10n_mx.g701_11","Deudora","bamc_4107"
"bamc_4107006","4107-006","False","Normal","account.data_account_type_expense","GTOS FINANCIEROS.- Actualizacion","l10n_mx.g701_11","Deudora","bamc_4107"
"bamc_4107009","4107-009","False","Normal","account.data_account_type_expense","GTOS FINANCIEROS.-Recargos","l10n_mx.g701_11","Deudora","bamc_4107"
"bamc_4107010","4107-010","False","Normal","account.data_account_type_expense","GTOS FINANCIEROS.-Multas","l10n_mx.g701_11","Deudora","bamc_4107"
"bamc_4108","4108","False","Vista","account.account_type_income_view1","PRODUCTOS FINANCIEROS","l10n_mx.g702","Acreedora","bamc_0000"
"bamc_4108001","4108-001","False","Normal","account.data_account_type_income","PRODUCTOS FINANCIEROS.-Utilidad Cambiaria","l10n_mx.g702_01","Acreedora","bamc_4108"
"bamc_4108002","4108-002","False","Normal","account.data_account_type_income","PRODUCTOS FINANCIEROS.-Intereses a Favor Bancarios","l10n_mx.g702_04","Acreedora","bamc_4108"
"bamc_4108003","4108-003","False","Normal","account.data_account_type_income","PRODUCTOS FINANCIEROS.-Otros Productos Financieros","l10n_mx.g702_10","Acreedora","bamc_4108"
"bamc_4109","4109","False","Vista","account.account_type_expense_view1","DEPRECIACION CONTABLE","l10n_mx.g504","Deudora","bamc_0000"
"bamc_4109001","4109-001","False","Normal","account.data_account_type_expense","DEPRECIACION CONTABLE.- Equipo de Computo","l10n_mx.g504_11","Deudora","bamc_4109"
"bamc_4109002","4109-002","False","Normal","account.data_account_type_expense","DEPRECIACION CONTABLE.- Equipo de Transportes","l10n_mx.g504_09","Deudora","bamc_4109"
"bamc_4109003","4109-003","False","Normal","account.data_account_type_expense","DEPRECIACION CONTABLE.- Maquinaria y Equipo","l10n_mx.g504_08","Deudora","bamc_4109"
"bamc_4109004","4109-004","False","Normal","account.data_account_type_expense","DEPRECIACION CONTABLE.- Mob y Equipo de Ofcinai","l10n_mx.g504_10","Deudora","bamc_4109"
"bamc_4300","4300","False","Vista","account.account_type_expense_view1","COSTO DE DISTRIBUCION Y VENTAS","l10n_mx.g602","Deudora","bamc_0000"
"bamc_4300003","4300-003","False","Normal","account.data_account_type_expense","CTO DE DIST Y VTAS.-Combustibles y lubricantes","l10n_mx.g602_48","Deudora","bamc_4300"
"bamc_4300013","4300-013","False","Normal","account.data_account_type_expense","GTO DE DIST Y VTAS.-No deducibles","l10n_mx.g602_83","Deudora","bamc_4300"
"bamc_4350001","4350-001","False","Vista","account.account_type_expense_view1","COSTO DE SERV PROF DIRECTA","l10n_mx.g501","Deudora","bamc_4300"
"bamc_43500010001","4350-001-0001","False","Normal","account.data_account_type_expense","CTO DE SERV PROF DTA.-Produccion AM","l10n_mx.g501_02","Deudora","bamc_4350001"
"bamc_43500010002","4350-001-0002","False","Normal","account.data_account_type_expense","CTO DE SERV PROF DTA.-Produccion NR","l10n_mx.g501_02","Deudora","bamc_4350001"
"bamc_43500010003","4350-001-0003","False","Normal","account.data_account_type_expense","CTO DE SERV PROF DTA.-Calidad AM","l10n_mx.g501_02","Deudora","bamc_4350001"
"bamc_43500010004","4350-001-0004","False","Normal","account.data_account_type_expense","CTO DE SERV PROF DTA.-Calidad NR","l10n_mx.g501_02","Deudora","bamc_4350001"
"bamc_43500010006","4350-001-0006","False","Normal","account.data_account_type_expense","CTO DE SERV PROF DTA.- Produccion Tortilla","l10n_mx.g501_02","Deudora","bamc_4350001"
"bamc_4350002","4350-002","False","Vista","account.account_type_expense_view1","COSTO DE SERVICIO PROF INDIRECTO","l10n_mx.g501","Deudora","bamc_4300"
"bamc_43500020001","4350-002-0001","False","Normal","account.data_account_type_expense","CTO DE SERV PROF IND.-Trafico","l10n_mx.g501_02","Deudora","bamc_4350002"
"bamc_43500020002","4350-002-0002","False","Normal","account.data_account_type_expense","CTO DE SERV PROF IND.-Logistica","l10n_mx.g501_02","Deudora","bamc_4350002"
"bamc_43500020003","4350-002-0003","False","Normal","account.data_account_type_expense","CTO DE SER PROF IND.-Montacargas/Voc","l10n_mx.g501_02","Deudora","bamc_4350002"
"bamc_43500020004","4350-002-0004","False","Normal","account.data_account_type_expense","CTO DE SERV PROF IND.-Mtto Industrial","l10n_mx.g501_02","Deudora","bamc_4350002"
"bamc_43500020005","4350-002-0005","False","Normal","account.data_account_type_expense","CTO DE SERV PROF IND.-Vigilancia","l10n_mx.g501_02","Deudora","bamc_4350002"
"bamc_4350003","4350-003","False","Normal","account.data_account_type_expense","ADMINISTRACION VENTAS","l10n_mx.g501","Deudora","bamc_4300"
"bamc_4350004","4350-004","False","Normal","account.data_account_type_expense","ADMINISTRACION OFICINA","l10n_mx.g501","Deudora","bamc_4300"
"bamc_4350005","4350-005","False","Vista","account.account_type_expense_view1","SERV PROF NO DEDUCIBLES","l10n_mx.g501","Deudora","bamc_4300"
"bamc_43500050001","4350-005-0001","False","Normal","account.data_account_type_expense","SERV PROF NO DED.-Administracion","l10n_mx.g501_02","Deudora","bamc_4350005"
"bamc_43500050002","4350-005-0002","False","Normal","account.data_account_type_expense","SERV PROF NO DED.-Nr","l10n_mx.g501_02","Deudora","bamc_4350005"
"bamc_43500050005","4350-005-0005","False","Normal","account.data_account_type_expense","SERV PROF NO DED.- Ventas","l10n_mx.g501_02","Deudora","bamc_4350005"
"bamc_4350006","4350-006","False","Vista","account.account_type_expense_view1","CTO DE SERV PROF TALLER","l10n_mx.g501","Deudora","bamc_4300"
"bamc_43500061","4350-006-1","False","Normal","account.data_account_type_expense","CTO DE SERV PROF TALLER.-TALLER","l10n_mx.g501_02","Deudora","bamc_4350006"
"bamc_4355001","4355-001","False","Vista","account.account_type_expense_view1","NOMINA DIRECTA","l10n_mx.g605","Deudora","bamc_4300"
"bamc_43550010001","4355-001-0001","False","Normal","account.data_account_type_expense","NOMINA DIRECTA PRODUCCIÓN .-Sueldos y Salarios","l10n_mx.g605_02","Deudora","bamc_4355001"
"bamc_43550010002","4355-001-0002","False","Normal","account.data_account_type_expense","NOMINA DIRECTA PRODUCCIÓN.-Gratificaciones","l10n_mx.g605_11","Deudora","bamc_4355001"
"bamc_43550010003","4355-001-0003","False","Normal","account.data_account_type_expense","NOMINA DIRECTA PRODUCCIÓN .-Premio Puntualidad","l10n_mx.g605_06","Deudora","bamc_4355001"
"bamc_43550010004","4355-001-0004","False","Normal","account.data_account_type_expense","NOMINA DIRECTA PRODUCCIÓN .-Premio Asistencia","l10n_mx.g605_05","Deudora","bamc_4355001"
"bamc_43550010005","4355-001-0005","False","Normal","account.data_account_type_expense","NOMINA DIRECTA PRODUCCIÓN .-Horas Extras","l10n_mx.g605_04","Deudora","bamc_4355001"
"bamc_43550010006","4355-001-0006","False","Normal","account.data_account_type_expense","NOMINA DIRECTA PRODUCCIÓN .-Despensa","l10n_mx.g605_16","Deudora","bamc_4355001"
"bamc_43550010007","4355-001-0007","False","Normal","account.data_account_type_expense","NOMINA DIRECTA PRODUCCIÓN .-Vacaciones","l10n_mx.g605_07","Deudora","bamc_4355001"
"bamc_43550010008","4355-001-0008","False","Normal","account.data_account_type_expense","NOMINA DIRECTA PRODUCCIÓN .-Prima Vacacional","l10n_mx.g605_08","Deudora","bamc_4355001"
"bamc_43550010009","4355-001-0009","False","Normal","account.data_account_type_expense","NOMINA DIRECTA PRODUCCIÓN .-Aguinaldo","l10n_mx.g605_13","Deudora","bamc_4355001"
"bamc_43550010010","4355-001-0010","False","Normal","account.data_account_type_expense","NOMINA DIRECTA PRODUCCIÓN -Indemnizacion","l10n_mx.g605_14","Deudora","bamc_4355001"
"bamc_4500","4500","False","Vista","account.account_type_income_view1","DEVOLUCIONES, DESCUENTOS O BONIFICACIONES SOBRE VENTAS","l10n_mx.g402","Acreedora","bamc_0000"
"bamc_4500001","4500-001","False","Normal","account.data_account_type_income","DEVOLUCIONES, DESCUENTOS O BONIFICACIONES SOBRE VENTAS A LA TASA GRAL","l10n_mx.g402_01","Acreedora","bamc_4500"
"bamc_4500002","4500-002 ","False","Normal","account.data_account_type_income","DEVOLUCIONES, DESCUENTOS O BONIFICACIONES SOBRE VENTAS AL 0%","l10n_mx.g402_02","Acreedora","bamc_4500"
"bamc_4600","4600","False","Normal","account.data_account_type_expense","COSTO DE PRODUCCION","l10n_mx.g501_02","Deudora","bamc_0000"
"bamc_4700","4700","False","Normal","account.data_account_type_expense","COSTO DE ADQUISICION","l10n_mx.g501_01","Deudora","bamc_0000"
"bamc_5300","5300","False","Vista","account.account_type_income_view1","OTROS INGRESOS","l10n_mx.g403","Acreedora","bamc_0000"
"bamc_53000010003","5300-001-0003","False","Normal","account.data_account_type_income","OTROS INGRESOS.-VARIOS CON IVA","l10n_mx.g403_01","Acreedora","bamc_5300"
"bamc_53000010004","5300-001-0004","False","Normal","account.data_account_type_income","OTROS INGRESOS.-VARIOS SIN IVA","l10n_mx.g403_01","Acreedora","bamc_5300"
"bamc_5300002","5300-002","False","Normal","account.data_account_type_income","OTROS INGRESOS.-Actualizacion Devolucion IVA","l10n_mx.g403_01","Acreedora","bamc_5300"
"bamc_5400","5400","False","Vista","account.account_type_income_view1","UTILIDAD O PERDIDA FISCAL DE ACTIVO FIJO","l10n_mx.g811","Acreedora","bamc_0000"
"bamc_5400001","5400-001","False","Normal","account.data_account_type_income","UTILIDAD O PERDIDA.- Venta o Baja de Activo Fijo","l10n_mx.g811_01","Acreedora","bamc_5400"
"bamc_5500","5500","False","Vista","account.account_type_income_view1","DEVOLUCIONES,DESCUENTOS O BONIFICACIONES SOBRE COMPRAS","l10n_mx.g503","Acreedora","bamc_0000"
"bamc_5500001","5500-001","False","Normal","account.data_account_type_income","DESCUENTOS Y/O DEVOLUCIONES S/COMPRA","l10n_mx.g503_01","Acreedora","bamc_5500"
"bamc_5600","5600","False","Vista","account.account_type_income_view1","VENTAS TOTALES","l10n_mx.g401","Acreedora","bamc_0000"
"bamc_5600001","5600-001","False","Normal","account.data_account_type_income","VENTAS TOTALES.- Ventas","l10n_mx.g401_01","Acreedora","bamc_5600"
"bamc_6000","6000","False","Normal","l10n_mx.account_type_other","CUENTAS DE  ORDEN","l10n_mx.g800","Deudora","bamc_0000"
"bamc_9999","9999","False","Normal","account.conf_account_type_equity","REGISTRO DE UTILIDAD DEL EJERCICIO","l10n_mx.g899","Acreedora","bamc_0000"
