"id","code","reconcile","type","user_type/id","name","sat_group_id/id","nature","parent_id/id"
"__export__.account_account_406","0","False","View","l10n_mx.account_type_view","01-CULIACAN","","",""
"__export__.account_account_407","1","False","View","l10n_mx.account_type_view","ACTIVO","l10n_mx.g100","","__export__.account_account_406"
"__export__.account_account_415","11","False","View","l10n_mx.account_type_view","ACTIVO A CORTO PLAZO","l10n_mx.g100_01","","__export__.account_account_407"
"__export__.account_account_470","1111","False","View","l10n_mx.account_type_view","CAJA Y EFECTIVO","l10n_mx.g1","","__export__.account_account_415"
"__export__.account_account_14543","111101","False","View","account.data_account_type_bank","Fondo fijo de caja","l10n_mx.g101_01","","__export__.account_account_470"
"__export__.account_account_14545","111101011","False","Regular","l10n_mx.account_type_income","Gonzalo Carrillo Coronel","l10n_mx.g101_01","","__export__.account_account_14543"
"__export__.account_account_14544","111102","False","Regular","account.data_account_type_bank","Caja general","l10n_mx.g101_01","","__export__.account_account_470"
"__export__.account_account_471","1113","False","View","l10n_mx.account_type_view","BANCOS","","","__export__.account_account_415"
"__export__.account_account_14475","11131","False","View","account.data_account_type_bank","Bancos nacionales","l10n_mx.g2_1","","__export__.account_account_471"
"__export__.account_account_14629","1113101","False","View","account.data_account_type_bank","BBVA Bancomer","l10n_mx.g1","","__export__.account_account_14475"
"__export__.account_account_539","1113101001","False","Liquidity","l10n_mx.account_type_cash","Concentradora Cta. 451989448 BBVA Bancomer","","","__export__.account_account_14629"
"__export__.account_account_14630","1113102","False","View","account.data_account_type_bank","Banamex  S.A.","l10n_mx.g2_1","","__export__.account_account_14475"
"__export__.account_account_14478","11132","False","View","account.account_type_asset_view1","Bancos extranjeros","l10n_mx.g2_2","","__export__.account_account_471"
"__export__.account_account_540","1113201000","False","Liquidity","l10n_mx.account_type_cash","Banco XXX","","","__export__.account_account_14478"
"__export__.account_account_473","1115","False","View","l10n_mx.account_type_view","INVERSIONES","l10n_mx.g3","","__export__.account_account_415"
"__export__.account_account_542","1115001000","False","Regular","l10n_mx.account_type_other","PAPELES COMERCIALES","","","__export__.account_account_473"
"__export__.account_account_543","1115002000","False","Regular","l10n_mx.account_type_other","INVERSIONES TEMPORALES","","","__export__.account_account_473"
"__export__.account_account_474","1121","False","View","l10n_mx.account_type_view","CLIENTES","l10n_mx.g4","","__export__.account_account_415"
"__export__.account_account_547","1121001000","False","Receivable","l10n_mx.account_type_receivable","Clientes - nacionales","","","__export__.account_account_474"
"__export__.account_account_14479","1121002000","False","Receivable","account.data_account_type_receivable","Clientes - partes relacionadas","l10n_mx.g4_3","","__export__.account_account_474"
"__export__.account_account_475","1122","False","View","l10n_mx.account_type_view","CUENTAS Y DOCUMENTOS POR COBRAR","l10n_mx.g5","","__export__.account_account_415"
"__export__.account_account_14483","11221","False","View","account.account_type_asset_view1","Documentos por cobrar - nacionales","l10n_mx.g5_1","","__export__.account_account_475"
"__export__.account_account_14481","11222","False","View","account.account_type_asset_view1","Documentos por cobrar - partes relacionadas","l10n_mx.g5_1","","__export__.account_account_475"
"__export__.account_account_14484","11223","False","View","account.account_type_asset_view1","Intereses por cobrar - nacionales","l10n_mx.g5_1","","__export__.account_account_475"
"__export__.account_account_14485","11224","False","View","account.account_type_asset_view1","Intereses por cobrar - partes relacionadas","l10n_mx.g5_1","","__export__.account_account_475"
"__export__.account_account_482","1123","False","View","l10n_mx.account_type_view","DEUDORES DIVERSOS","l10n_mx.g8","","__export__.account_account_415"
"__export__.account_account_478","11231","False","View","l10n_mx.account_type_view","Funcionarios y Empleados","l10n_mx.g1","","__export__.account_account_482"
"__export__.account_account_553","1123101000","False","Receivable","l10n_mx.account_type_receivable","CUENTAS POR COBRAR EMPLEADOS","","","__export__.account_account_478"
"__export__.account_account_481","11232","False","View","l10n_mx.account_type_view","Cuentas por cobrar a Accionistas","l10n_mx.g1","","__export__.account_account_482"
"__export__.account_account_561","1123201000","False","Receivable","l10n_mx.account_type_receivable","CUENTAS POR COBRAR SOCIOS","","","__export__.account_account_481"
"__export__.account_account_14486","11233","False","View","account.account_type_asset_view1","Otras ctas por cobrar - partes relacionadas","l10n_mx.g8","","__export__.account_account_482"
"__export__.account_account_14529","1123301000","False","Regular","l10n_mx.account_type_income","Mayoreo Occidental Refaccionario, S.A. de C.V.","l10n_mx.g1","","__export__.account_account_14486"
"__export__.account_account_14530","1123302000","False","Regular","l10n_mx.account_type_income","Morsa Grupo Automotriz, S.A. de C.V.","l10n_mx.g1","","__export__.account_account_14486"
"__export__.account_account_14500","11235","False","View","account.data_account_type_asset","Otros deudores diversos","l10n_mx.g1","","__export__.account_account_482"
"__export__.account_account_563","1123502000","False","Regular","l10n_mx.account_type_other","ENTES GUBERNAMENTALES","","","__export__.account_account_14500"
"__export__.account_account_564","1123503000","False","Regular","l10n_mx.account_type_other","TRANSFERENCIAS BANCARIAS","","","__export__.account_account_14500"
"__export__.account_account_565","1123504000","False","Regular","l10n_mx.account_type_other","DEPOSITOS VARIOS","","","__export__.account_account_14500"
"__export__.account_account_566","1123505000","False","Regular","l10n_mx.account_type_other","RECLAMO AL SEGURO","","","__export__.account_account_14500"
"__export__.account_account_556","1123501000","False","Regular","l10n_mx.account_type_other","VIATICOS AGENTES DE VENTA","","","__export__.account_account_14500"
"__export__.account_account_567","1123506000","False","Regular","l10n_mx.account_type_other","CHEQUES DEVUELTOS","","","__export__.account_account_14500"
"__export__.account_account_568","1123509000","False","View","l10n_mx.account_type_receivable","Deudores diversos varios","l10n_mx.g101_01","","__export__.account_account_14500"
"__export__.account_account_569","1123510000","False","Liquidity","l10n_mx.account_type_cash","RECLAMO AL BANCO","","","__export__.account_account_14500"
"__export__.account_account_477","1129","False","View","l10n_mx.account_type_view","ESTIMACIÓN DE CUENTAS INCOBRABLES","l10n_mx.g5","","__export__.account_account_415"
"__export__.account_account_551","1129001000","False","Regular","l10n_mx.account_type_other","Estimación cuentas incobrables","","","__export__.account_account_477"
"__export__.account_account_433","113","False","View","l10n_mx.account_type_view","INVENTARIOS","","","__export__.account_account_415"
"__export__.account_account_483","1131","False","View","l10n_mx.account_type_view","ALMACEN DE MERCANCIAS","l10n_mx.g1","","__export__.account_account_433"
"__export__.account_account_570","1131001000","False","Regular","l10n_mx.account_type_other","INVENTARIO INICIAL","","","__export__.account_account_483"
"__export__.account_account_571","1131002000","False","Regular","l10n_mx.account_type_other","ENTRADAS INVENTARIOS -COMPRAS","","Deudora","__export__.account_account_483"
"__export__.account_account_14515","1131002001","False","Regular","l10n_mx.account_type_tax","Devoluciones sobre ventas","l10n_mx.g1","","__export__.account_account_483"
"__export__.account_account_14516","1131002002","False","Regular","l10n_mx.account_type_tax","Entrada por cambio de articulo o presentac A.I.","l10n_mx.g1","","__export__.account_account_483"
"__export__.account_account_14517","1131002003","False","Regular","l10n_mx.account_type_tax","Devoluciones sobre compras","l10n_mx.g1","","__export__.account_account_483"
"__export__.account_account_14518","1131002011","False","Regular","l10n_mx.account_type_tax","Consumo interno, mermas y lento movimiento","l10n_mx.g1","","__export__.account_account_483"
"__export__.account_account_14519","1131002012","False","Regular","l10n_mx.account_type_income","Salida por cambio de articulo o presentac A.I.","l10n_mx.g1","","__export__.account_account_483"
"__export__.account_account_14520","1131002013","False","Regular","l10n_mx.account_type_income","Traspasos","l10n_mx.g1","","__export__.account_account_483"
"__export__.account_account_14521","1131002014","False","Regular","l10n_mx.account_type_income","Fletes pagados","l10n_mx.g1","","__export__.account_account_483"
"__export__.account_account_808","1131002010","False","Regular","l10n_mx.account_type_other","SALIDAS INVENTARIOS - COSTO DE VENTAS","","","__export__.account_account_483"
"__export__.account_account_572","1131003000","False","Regular","l10n_mx.account_type_other","INVENTARIOS DE MERCANCIA EXTERIOR","","","__export__.account_account_483"
"__export__.account_account_573","1131009000","False","Regular","l10n_mx.account_type_other","INVENTARIO MERCANCIA ACTUALIZACION DEL VALOR","","","__export__.account_account_483"
"__export__.account_account_484","1134","False","View","l10n_mx.account_type_view","MERCANCIAS EN TRANSITO","l10n_mx.g1","","__export__.account_account_433"
"__export__.account_account_574","1134001000","False","Regular","l10n_mx.account_type_other","MERCANCIA EN TRANSITO","","","__export__.account_account_484"
"__export__.account_account_14504","1139","False","View","l10n_mx.account_type_view","ESTIMACION DE INVENTARIOS OBSOLETO Y DE LENTO MOVIMIENTO","l10n_mx.g1","","__export__.account_account_415"
"__export__.account_account_14505","1139001000","False","Regular","l10n_mx.account_type_view","Estimación de inventarios obsoletos y de lento movimiento","l10n_mx.g1","","__export__.account_account_14504"
"__export__.account_account_485","1141","False","View","l10n_mx.account_type_view","PAGOS ANTICIPADOS","l10n_mx.g10","","__export__.account_account_415"
"__export__.account_account_576","1141001000","False","Regular","l10n_mx.account_type_other","Seguros y fianzas nacionales","","","__export__.account_account_485"
"__export__.account_account_577","1141002000","False","Regular","l10n_mx.account_type_other","Rentas pagadas por anticipado","","","__export__.account_account_485"
"__export__.account_account_578","1141004000","False","Regular","l10n_mx.account_type_other","Intereses pagados por anticipado","","","__export__.account_account_485"
"__export__.account_account_14506","1142","False","View","l10n_mx.account_type_view","ANTICIPO A PROVEEDORES","l10n_mx.g1","","__export__.account_account_415"
"__export__.account_account_14507","1142001000","False","Regular","account.account_type_asset_view1","Anticipo a proveedores nacionales","l10n_mx.g1","","__export__.account_account_14506"
"__export__.account_account_14553","1142002000","False","Regular","l10n_mx.account_type_income","Anticipo a proveedores extranjeros","l10n_mx.g17_1","","__export__.account_account_14506"
"__export__.account_account_486","1151","False","View","l10n_mx.account_type_view","IMPUESTOS A FAVOR","l10n_mx.g11","","__export__.account_account_415"
"__export__.account_account_579","1151001000","False","Regular","l10n_mx.account_type_other","ISR  DECLARACION ESTIMADAS","","","__export__.account_account_486"
"__export__.account_account_580","1151002000","False","Regular","l10n_mx.account_type_other","ISR  RETENIDO","","","__export__.account_account_486"
"__export__.account_account_582","1151005000","False","Regular","l10n_mx.account_type_other","PATENTE  MUNICIPAL ESTIMADA","","","__export__.account_account_486"
"__export__.account_account_584","1151007000","False","Regular","l10n_mx.account_type_other","IMPUESTO MUNICIPAL PAGADO EN EXCESO","","","__export__.account_account_486"
"__export__.account_account_585","1151008000","False","Regular","l10n_mx.account_type_tax","IETU PAGADO","","","__export__.account_account_486"
"__export__.account_account_586","1151009000","False","Regular","l10n_mx.account_type_tax","ISR PAGADO","","","__export__.account_account_486"
"__export__.account_account_14502","1152","False","View","l10n_mx.account_type_view","PAGOS PROVISIONALES","l10n_mx.g1","","__export__.account_account_415"
"__export__.account_account_14503","1152001000","False","Regular","account.account_type_asset_view1","Pagos provisionales de ISR","l10n_mx.g1","","__export__.account_account_14502"
"__export__.account_account_14508","1153","False","View","l10n_mx.account_type_view","IMPUESTOS ACREDITABLES PAGADOS","l10n_mx.g1","","__export__.account_account_415"
"__export__.account_account_581","1153001000","False","Regular","l10n_mx.account_type_tax","IVA acreditable pagado","","","__export__.account_account_14508"
"__export__.account_account_583","1153002000","False","Regular","l10n_mx.account_type_other","IVA acreditable de importación pagado","","","__export__.account_account_14508"
"__export__.account_account_14511","1154","False","View","l10n_mx.account_type_view","IMPUESTOS ACREDITABLES POR PAGAR","l10n_mx.g1","","__export__.account_account_415"
"__export__.account_account_587","1154001000","False","Regular","l10n_mx.account_type_tax","IVA acreditable pendiente de pago","","","__export__.account_account_14511"
"__export__.account_account_14513","1154002000","False","Regular","l10n_mx.account_type_view","IVA de importación pendiente de pago","l10n_mx.g1","","__export__.account_account_14511"
"__export__.account_account_416","12","False","View","l10n_mx.account_type_view","ACTIVO LARGO PLAZO","","","__export__.account_account_407"
"__export__.account_account_487","1211","False","View","l10n_mx.account_type_view","ACTIVO FIJO","l10n_mx.g1","","__export__.account_account_416"
"__export__.account_account_588","1211001000","False","Regular","l10n_mx.account_type_other","TERRENOS","","","__export__.account_account_487"
"__export__.account_account_589","1211005000","False","Regular","l10n_mx.account_type_other","EDIFICIOS","","","__export__.account_account_487"
"__export__.account_account_590","1211007000","False","Regular","l10n_mx.account_type_other","MAQUINARIA Y EQUIPO","","","__export__.account_account_487"
"__export__.account_account_591","1211009000","False","Regular","l10n_mx.account_type_other","EQUIPO DE TRANSPORTE","","","__export__.account_account_487"
"__export__.account_account_592","1211011000","False","Regular","l10n_mx.account_type_other","MOBILIARIO Y EQUIPO DE OFICINA","","","__export__.account_account_487"
"__export__.account_account_593","1211013000","False","Regular","l10n_mx.account_type_other","EQUIPO DE COMPUTO","","","__export__.account_account_487"
"__export__.account_account_14522","1211014000","False","Regular","l10n_mx.account_type_tax","ESTANTERIA","l10n_mx.g1","","__export__.account_account_487"
"__export__.account_account_14523","1211015000","False","Regular","l10n_mx.account_type_income","MEJORAS A LOCALES ARRENDADOS","l10n_mx.g1","","__export__.account_account_487"
"__export__.account_account_14531","1211016000","False","View","l10n_mx.account_type_view","OTROS ACTIVOS FIJOS","l10n_mx.g1","","__export__.account_account_487"
"__export__.account_account_14532","1211016001","False","Regular","l10n_mx.account_type_income","Actualización de Edificio","l10n_mx.g1","","__export__.account_account_14531"
"__export__.account_account_14533","1211016002","False","Regular","l10n_mx.account_type_income","Actualización de Maquinaria y equipo","l10n_mx.g1","","__export__.account_account_14531"
"__export__.account_account_14534","1211016003","False","Regular","l10n_mx.account_type_income","Actualización de Equipo de Transporte","l10n_mx.g1","","__export__.account_account_14531"
"__export__.account_account_14535","1211016004","False","Regular","l10n_mx.account_type_income","Actualización de Mobiliario y equipo de oficina","l10n_mx.g1","","__export__.account_account_14531"
"__export__.account_account_14537","1211016006","False","Regular","l10n_mx.account_type_income","Actualización de Estantería","l10n_mx.g1","","__export__.account_account_14531"
"__export__.account_account_14538","1211016007","False","Regular","l10n_mx.account_type_income","Actualización de Mejoras a locales arrendandos","l10n_mx.g1","","__export__.account_account_14531"
"__export__.account_account_14536","1211016005","False","Regular","l10n_mx.account_type_income","Actualización de Equipo de cómputo","l10n_mx.g1","","__export__.account_account_14531"
"__export__.account_account_488","1212","False","View","l10n_mx.account_type_view","DEPRECIACION ACUMULADA DE ACTIVOS FIJOS","l10n_mx.g25","","__export__.account_account_416"
"__export__.account_account_595","1212006000","False","Regular","l10n_mx.account_type_other","DEPRECIACION ACUMULADA DE EDIFICIOS","","","__export__.account_account_488"
"__export__.account_account_596","1212007000","False","Regular","l10n_mx.account_type_other","DEPRECIACION ACUMULADA DE MAQUINARIA Y EQUIPO","","","__export__.account_account_488"
"__export__.account_account_597","1212009000","False","Regular","l10n_mx.account_type_other","DEPRECIACION ACUMULADA DE EQUIPO DE TRANSPORTE","","","__export__.account_account_488"
"__export__.account_account_598","1212011000","False","Regular","l10n_mx.account_type_other","DEPRECIACION ACUMULADA DE MOBILIARIO Y EQUIPO DE OFICINA","","","__export__.account_account_488"
"__export__.account_account_599","1212013000","False","Regular","l10n_mx.account_type_other","DEPRECIACION ACUMULADA DE EQUIPO DE COMPUTO","","","__export__.account_account_488"
"__export__.account_account_14524","1212014000","False","Regular","l10n_mx.account_type_income","DEPRECIACION ACUMULADA DE ESTANTERIA","l10n_mx.g1","","__export__.account_account_488"
"__export__.account_account_14525","1212015000","False","Regular","l10n_mx.account_type_income","DEPRECIACION ACUMULADA DE MEJORAS A LOCALES ARRENDADOS","l10n_mx.g1","","__export__.account_account_488"
"__export__.account_account_14539","1212016000","False","View","l10n_mx.account_type_view","DEPRECIACION ACUMULADA DE OTROS ACTIVOS FIJOS","l10n_mx.g1","","__export__.account_account_488"
"__export__.account_account_14546","1212016001","False","Regular","l10n_mx.account_type_income","Actualización de la dep acum de Edificio","l10n_mx.g1","","__export__.account_account_14539"
"__export__.account_account_14547","1212016002","False","Regular","l10n_mx.account_type_income","Actualización de la dep acum de Maquinaria y equipo","l10n_mx.g1","","__export__.account_account_14539"
"__export__.account_account_14552","1212016003","False","Regular","l10n_mx.account_type_income","Actualización de la dep acum de Equipo de Transporte","l10n_mx.g1","","__export__.account_account_14539"
"__export__.account_account_14548","1212016004","False","Regular","l10n_mx.account_type_income","Actualización de la dep acum de Mobiliario y equipo de oficina","l10n_mx.g1","","__export__.account_account_14539"
"__export__.account_account_14549","1212016005","False","Regular","l10n_mx.account_type_income","Actualización de la dep acum de equipo de cómputo","l10n_mx.g1","","__export__.account_account_14539"
"__export__.account_account_14550","1212016006","False","Regular","l10n_mx.account_type_income","Actualización de la dep acum de Estantería","l10n_mx.g1","","__export__.account_account_14539"
"__export__.account_account_14551","1212016007","False","Regular","l10n_mx.account_type_income","Actualización de la dep acum de Mejoras a locales arrendados","l10n_mx.g1","","__export__.account_account_14539"
"__export__.account_account_437","122","False","View","l10n_mx.account_type_view","INVERSIONES PERMANENTES EN ACCIONES","l10n_mx.g18","","__export__.account_account_416"
"__export__.account_account_489","1221","False","View","l10n_mx.account_type_view","INVERSIONES EN SUBSIDIARIAS","l10n_mx.g18_1","","__export__.account_account_437"
"__export__.account_account_601","1221001000","False","Regular","l10n_mx.account_type_other","INVERSIONES PERMANENTES","","","__export__.account_account_489"
"__export__.account_account_14487","1222","False","View","l10n_mx.account_type_view","INVERSIONES EN ASOCIADAS","l10n_mx.g18_1","","__export__.account_account_437"
"__export__.account_account_490","1251","False","View","l10n_mx.account_type_view","IMPUESTOS DIFERIDOS","l10n_mx.g1","","__export__.account_account_416"
"__export__.account_account_604","1251001000","False","Regular","l10n_mx.account_type_other","IMPUESTOS DIFERIDOS ISR ","","","__export__.account_account_490"
"__export__.account_account_492","1241","False","View","l10n_mx.account_type_view","DEPOSITOS EN GARANTIA","l10n_mx.g1","","__export__.account_account_416"
"__export__.account_account_608","1241001000","False","Regular","l10n_mx.account_type_other","DEPOSITOS GARANTIA PROVEEDORES","","","__export__.account_account_492"
"__export__.account_account_609","1241002000","False","Regular","l10n_mx.account_type_other","DEPOSITOS GARANTIA BANCOS","","","__export__.account_account_492"
"__export__.account_account_14526","1241003000","False","Regular","l10n_mx.account_type_income","DEPOSITO CFE","l10n_mx.g1","","__export__.account_account_492"
"__export__.account_account_610","1241004000","False","Regular","l10n_mx.account_type_other","DEPOSITOS GARANTIA ARRENDAMIENTO LOCAL","","","__export__.account_account_492"
"__export__.account_account_408","2","False","View","l10n_mx.account_type_view","PASIVO","","","__export__.account_account_406"
"__export__.account_account_417","21","False","View","l10n_mx.account_type_view","PASIVO A CORTO PLAZO","","","__export__.account_account_408"
"__export__.account_account_441","212","False","View","l10n_mx.account_type_view","DOCUMENTOS POR PAGAR A CORTO PLAZO","l10n_mx.g1","","__export__.account_account_417"
"__export__.account_account_14493","21211","False","View","l10n_mx.account_type_view","Préstamo bancario nacional","l10n_mx.g1","Acreedora","__export__.account_account_441"
"__export__.account_account_14603","2121102","False","View","l10n_mx.account_type_income","Documentos por pagar a bancos","l10n_mx.g1","","__export__.account_account_14493"
"__export__.account_account_611","2121102001","False","Liquidity","l10n_mx.account_type_cash","BANCO X","l10n_mx.g1","","__export__.account_account_14603"
"__export__.account_account_14604","2121103","False","View","l10n_mx.account_type_income","Obligaciones por arrendamiento capitalizable","l10n_mx.g1","","__export__.account_account_14493"
"__export__.account_account_14602","2121101","False","View","account.data_account_type_bank","Vencimiento circulante de la deuda a largo plazo","l10n_mx.g1","","__export__.account_account_14493"
"__export__.account_account_14494","21212","False","View","l10n_mx.account_type_view","Préstamos bancarios extranjero","l10n_mx.g1","","__export__.account_account_441"
"__export__.account_account_613","2121200400","False","Liquidity","l10n_mx.account_type_cash","BANCO X","l10n_mx.g1","","__export__.account_account_14494"
"__export__.account_account_14491","2122","False","View","l10n_mx.account_type_view","Documentos por pagar - nacionales","l10n_mx.g1","","__export__.account_account_441"
"__export__.account_account_14495","2123","False","View","l10n_mx.account_type_view","Documentos por pagar - Partes relacionadas","l10n_mx.g1","","__export__.account_account_441"
"__export__.account_account_14571","2124001","False","View","l10n_mx.account_type_income","Intereses por pagar - nacionales","l10n_mx.g1","","__export__.account_account_441"
"__export__.account_account_14572","2124002","False","View","l10n_mx.account_type_income","Intereses por pagar - extranjeros","l10n_mx.g1","","__export__.account_account_441"
"__export__.account_account_14573","2124003","False","View","l10n_mx.account_type_income","Intereses por pagar - Intercompañías","l10n_mx.g1","","__export__.account_account_441"
"__export__.account_account_442","211","False","View","l10n_mx.account_type_view","PROVEEDORES","l10n_mx.g1","","__export__.account_account_417"
"__export__.account_account_494","2111","False","View","l10n_mx.account_type_view","Proveedores - nacionales","l10n_mx.g1","","__export__.account_account_442"
"__export__.account_account_614","2111001000","False","Payable","l10n_mx.account_type_payable","CUENTAS POR PAGAR PROVEEDORES","","","__export__.account_account_494"
"__export__.account_account_14528","2112001000","False","Payable","account.data_account_type_payable","PROVEEDORES EXTRANJEROS","l10n_mx.g1","","__export__.account_account_442"
"__export__.account_account_496","2113","False","View","l10n_mx.account_type_view","Proveedores - Partes relacionadas","l10n_mx.g1","","__export__.account_account_442"
"__export__.account_account_14527","2112","False","View","l10n_mx.account_type_view","Proveedores - extranjeros","l10n_mx.g1","","__export__.account_account_417"
"__export__.account_account_14497","215","False","View","l10n_mx.account_type_view","ACREEDORES DIVERSOS","l10n_mx.g1","","__export__.account_account_417"
"__export__.account_account_14555","2153","False","View","l10n_mx.account_type_income","Acreedores diversos - partes relacionadas","l10n_mx.g1","","__export__.account_account_14497"
"__export__.account_account_14556","2154","False","View","l10n_mx.account_type_income","Otros acreedores diversos","l10n_mx.g1","","__export__.account_account_14497"
"__export__.account_account_615","2154003000","False","Regular","l10n_mx.account_type_payable","TARJETA DE CREDITO X","","","__export__.account_account_14556"
"__export__.account_account_497","2151","False","View","l10n_mx.account_type_view","Acreedores - accionista o representante legal","l10n_mx.g1","","__export__.account_account_14497"
"__export__.account_account_618","2151001000","False","Payable","l10n_mx.account_type_payable","Cuentas por pagar a Accionistas","l10n_mx.g1","","__export__.account_account_497"
"__export__.account_account_14554","2152","False","View","l10n_mx.account_type_income","Acreedores diversos - nacional","l10n_mx.g1","","__export__.account_account_14497"
"__export__.account_account_14557","216","False","View","l10n_mx.account_type_income","ANTICIPO DE CLIENTE","l10n_mx.g1","","__export__.account_account_417"
"__export__.account_account_14558","216001000","False","View","l10n_mx.account_type_income","Anticipo de cliente - nacional","l10n_mx.g1","","__export__.account_account_14557"
"__export__.account_account_14559","216002000","False","View","l10n_mx.account_type_income","Anticipo de cliente - Parte relacionada","l10n_mx.g1","","__export__.account_account_14557"
"__export__.account_account_14560","216003000","False","View","l10n_mx.account_type_income","Anticipo de cliente - otros","l10n_mx.g1","","__export__.account_account_14557"
"__export__.account_account_447","219","False","View","l10n_mx.account_type_view","IMPUESTOS TRASLADADOS NO COBRADOS","l10n_mx.g1","","__export__.account_account_417"
"__export__.account_account_665","219001000","False","Regular","l10n_mx.account_type_tax","IVA trasladado no cobrado","","","__export__.account_account_447"
"__export__.account_account_14574","221","False","View","l10n_mx.account_type_income","PROVISION DE CONTRIBUCIONES DE SEGURIDAD SOCIAL POR PAGAR","l10n_mx.g1","","__export__.account_account_417"
"__export__.account_account_14575","2210001000","False","Regular","l10n_mx.account_type_income","Provisión de IMSS patronal por pagar","l10n_mx.g1","","__export__.account_account_14574"
"__export__.account_account_14576","2210002000","False","Regular","l10n_mx.account_type_income","Provisión SAR por pagar","l10n_mx.g1","","__export__.account_account_14574"
"__export__.account_account_14577","221003000","False","Regular","l10n_mx.account_type_income","Provisión de infonavit por pagar","l10n_mx.g1","","__export__.account_account_14574"
"__export__.account_account_506","223","False","View","l10n_mx.account_type_view","IMPUESTOS Y DERECHOS POR PAGAR","l10n_mx.g1","","__export__.account_account_417"
"__export__.account_account_14564","2230001000","False","Regular","l10n_mx.account_type_income","IVA por pagar","l10n_mx.g1","","__export__.account_account_506"
"__export__.account_account_14565","2230002000","False","Regular","l10n_mx.account_type_income","IEPS por pagar","l10n_mx.g1","","__export__.account_account_506"
"__export__.account_account_14566","2230003000","False","Regular","l10n_mx.account_type_income","ISR por pagar","l10n_mx.g1","","__export__.account_account_506"
"__export__.account_account_14567","2230004000","False","Regular","l10n_mx.account_type_income","Impuesto estatal sobre nómina por pagar","l10n_mx.g1","","__export__.account_account_506"
"__export__.account_account_14568","2230005000","False","View","l10n_mx.account_type_income","Impuesto estatal y municipal por pagar","l10n_mx.g1","","__export__.account_account_506"
"__export__.account_account_14569","2230006000","False","View","l10n_mx.account_type_income","Derechos por pagar","l10n_mx.g1","","__export__.account_account_506"
"__export__.account_account_14570","2230007000","False","View","l10n_mx.account_type_income","Otros impuestos por pagar","l10n_mx.g1","","__export__.account_account_506"
"__export__.account_account_498","224","False","View","l10n_mx.account_type_view","DIVIDENDOS POR PAGAR","l10n_mx.g1","","__export__.account_account_417"
"__export__.account_account_619","2240001000","False","Payable","l10n_mx.account_type_payable","DIVIDENDO POR PAGAR VIGENTES","l10n_mx.g1","","__export__.account_account_498"
"__export__.account_account_14578","226","False","View","l10n_mx.account_type_income","IMPUESTOS RETENIDOS","l10n_mx.g1","","__export__.account_account_417"
"__export__.account_account_658","2260001000","False","Regular","l10n_mx.account_type_tax","ISR RETENIDO SALARIOS","","","__export__.account_account_14578"
"__export__.account_account_659","2260002000","False","Regular","l10n_mx.account_type_tax","ISR RETENIDO POR ASIMILADOS A SALARIOS","","","__export__.account_account_14578"
"__export__.account_account_661","2260003000","False","Regular","l10n_mx.account_type_tax","10% ISR RETENIDO ARRENDAMIENTO","","","__export__.account_account_14578"
"__export__.account_account_660","2260004000","False","Regular","l10n_mx.account_type_tax","10% ISR RETENIDO SERVICIOS PROFESIONALES","","","__export__.account_account_14578"
"__export__.account_account_14580","2260005000","False","Regular","l10n_mx.account_type_income","IMPUESTOS RETENIDOS DE ISR POR DIVIDENDOS","","","__export__.account_account_14578"
"__export__.account_account_14581","2260006000","False","Regular","l10n_mx.account_type_income","IMPUESTO RETENIDO DE ISR POR INTERESES","","","__export__.account_account_14578"
"__export__.account_account_14582","2260007000","False","Regular","l10n_mx.account_type_income","IMPUESTO RETENIDO DE ISR POR PAGOS AL EXTRANJERO","","","__export__.account_account_14578"
"__export__.account_account_14583","2260008000","False","Regular","l10n_mx.account_type_income","IMPUESTO RETENIDO DE ISR POR VENTA DE ACCIONES","","","__export__.account_account_14578"
"__export__.account_account_14584","2260009000","False","Regular","l10n_mx.account_type_income","IMPUESTO RETENIDO DE ISR POR VENTA DE PARTES SOCIALES","","","__export__.account_account_14578"
"__export__.account_account_14585","2260011000","False","Regular","l10n_mx.account_type_income","RETENCIONES DE IMSS A LOS TRABAJADORES","","","__export__.account_account_14578"
"__export__.account_account_14586","2260012000","False","View","l10n_mx.account_type_income","OTROS IMPUESTOS RETENIDOS","l10n_mx.g1","","__export__.account_account_14578"
"__export__.account_account_664","2260012001","False","Regular","l10n_mx.account_type_tax","1% DE RET CEDULAR ARRENDAMIENTOS (GUANAJUATO)","l10n_mx.g1","","__export__.account_account_14586"
"__export__.account_account_14579","2260010000","False","View","l10n_mx.account_type_income","IMPUESTOS RETENIDOS DE IVA","l10n_mx.g1","","__export__.account_account_14578"
"__export__.account_account_657","2260010001","False","Regular","l10n_mx.account_type_tax","4% IVA RETENIDO FLETES","l10n_mx.g1","","__export__.account_account_14579"
"__export__.account_account_662","2260010002","False","Regular","l10n_mx.account_type_tax","10.67%  IVA RETENIDO ARRENDAMIENTO","","","__export__.account_account_14579"
"__export__.account_account_663","2260010003","False","Regular","l10n_mx.account_type_tax","10.67%  IVA RETENIDO HONORARIOS","","","__export__.account_account_14579"
"__export__.account_account_14600","227","False","View","l10n_mx.account_type_income","PAGOS REALIZADOS POR CUENTA DE TERCEROS","l10n_mx.g1","","__export__.account_account_417"
"__export__.account_account_14601","2271","False","Regular","l10n_mx.account_type_income","Pagos realizados por cuenta de terceros","l10n_mx.g1","","__export__.account_account_14600"
"__export__.account_account_507","217","False","View","l10n_mx.account_type_view","IMPUESTOS TRASLADADOS","l10n_mx.g1","","__export__.account_account_417"
"__export__.account_account_14563","217001000","False","Regular","l10n_mx.account_type_income","IVA trasladado","l10n_mx.g1","","__export__.account_account_507"
"__export__.account_account_14561","218","False","View","l10n_mx.account_type_income","IMPUESTOS TRASLADADOS COBRADOS","l10n_mx.g1","","__export__.account_account_417"
"__export__.account_account_807","218001000","False","Regular","l10n_mx.account_type_tax","IVA trasladado cobrado","","","__export__.account_account_14561"
"__export__.account_account_419","25","False","View","l10n_mx.account_type_view","PASIVO A LARGO PLAZO","","","__export__.account_account_408"
"__export__.account_account_14592","2511","False","View","l10n_mx.account_type_view","DOCUMENTOS POR PAGAR A LARGO PLAZO","l10n_mx.g1","","__export__.account_account_419"
"__export__.account_account_14589","25111","False","View","l10n_mx.account_type_view","Préstamo bancario a largo plazo - nacional","l10n_mx.g1","Acreedora","__export__.account_account_14592"
"__export__.account_account_14591","25112","False","View","l10n_mx.account_type_view","Préstamos bancarios a largo plazo - extranjero","l10n_mx.g1","","__export__.account_account_14592"
"__export__.account_account_14595","25113","False","View","l10n_mx.account_type_income","Documentos por pagar a largo plazo - nacionales","l10n_mx.g1","","__export__.account_account_14592"
"__export__.account_account_14596","25114","False","View","l10n_mx.account_type_income","Documentos por pagar a largo plazo- partes relacionadas","l10n_mx.g1","","__export__.account_account_14592"
"__export__.account_account_14597","25115","False","View","l10n_mx.account_type_income","Intereses por pagar a largo plazo - nacionales","l10n_mx.g1","","__export__.account_account_14592"
"__export__.account_account_14598","25116","False","View","l10n_mx.account_type_income","Intereses por pagar a largo plazo - extranjeros","l10n_mx.g1","","__export__.account_account_14592"
"__export__.account_account_14599","25117","False","View","l10n_mx.account_type_income","Intereses por pagar a largo plazo - partes relacionadas","l10n_mx.g1","","__export__.account_account_14592"
"__export__.account_account_14605","2512","False","View","l10n_mx.account_type_income","IMPUESTOS DIFERIDOS","l10n_mx.g1","","__export__.account_account_419"
"__export__.account_account_14606","251201","False","Regular","l10n_mx.account_type_income","ISR diferido","l10n_mx.g1","","__export__.account_account_14605"
"__export__.account_account_409","300","False","View","l10n_mx.account_type_view","CAPITAL CONTABLE","l10n_mx.g1","","__export__.account_account_406"
"__export__.account_account_420","301","False","View","l10n_mx.account_type_view","CAPITAL SOCIAL","l10n_mx.g1","","__export__.account_account_409"
"__export__.account_account_14607","30101","False","Regular","account.conf_account_type_equity","Capital social fijo","l10n_mx.g1","","__export__.account_account_420"
"__export__.account_account_14608","30102","False","Regular","account.conf_account_type_equity","Capital social variable","l10n_mx.g1","","__export__.account_account_420"
"__export__.account_account_14609","30103","False","Regular","account.conf_account_type_equity","Aportaciones para futuros aumentos de capital","l10n_mx.g1","","__export__.account_account_420"
"__export__.account_account_14610","30104","False","Regular","account.conf_account_type_equity","Prima en suscripción de acciones","l10n_mx.g1","","__export__.account_account_420"
"__export__.account_account_14611","303","False","View","l10n_mx.account_type_equity","RESERVA LEGAL","l10n_mx.g1","","__export__.account_account_409"
"__export__.account_account_14612","30301","False","Regular","account.conf_account_type_equity","Reserva legal","l10n_mx.g1","","__export__.account_account_14611"
"__export__.account_account_14613","304","False","View","account.conf_account_type_equity","RESULTADOS DE EJERCICIOS ANTERIORES","l10n_mx.g1","","__export__.account_account_409"
"__export__.account_account_14614","30401","False","View","account.conf_account_type_equity","Utilidad de ejercicios anteriores","l10n_mx.g1","","__export__.account_account_14613"
"__export__.account_account_14627","30401088","False","Regular","account.conf_account_type_equity","Efecto acumulado de ISR","l10n_mx.g1","","__export__.account_account_14614"
"__export__.account_account_14615","30402","False","View","account.conf_account_type_equity","Pérdida de ejercicios anteriores","l10n_mx.g1","","__export__.account_account_14613"
"__export__.account_account_14616","30403","False","View","account.conf_account_type_equity","Resultado integral de ejercicios anteriores","l10n_mx.g1","","__export__.account_account_14613"
"__export__.account_account_14617","305","False","View","account.conf_account_type_equity","RESULTADO DEL EJERCICIO","l10n_mx.g1","","__export__.account_account_409"
"__export__.account_account_14618","30501","False","Regular","account.conf_account_type_equity","Utilidad del ejercicio","l10n_mx.g1","","__export__.account_account_14617"
"__export__.account_account_14619","30502","False","Regular","account.conf_account_type_equity","Pérdida del ejercicio","l10n_mx.g1","","__export__.account_account_14617"
"__export__.account_account_14620","30503","False","Regular","account.conf_account_type_equity","Resultado integral","l10n_mx.g1","","__export__.account_account_14617"
"__export__.account_account_14621","306","False","View","account.conf_account_type_equity","OTRAS CUENTAS DE CAPITAL","l10n_mx.g1","","__export__.account_account_409"
"__export__.account_account_14622","30601","False","View","account.conf_account_type_equity","Otras cuentas de capital","l10n_mx.g1","","__export__.account_account_14621"
"__export__.account_account_14623","30601001","False","Regular","account.conf_account_type_equity","Capital Social Actualizado","l10n_mx.g1","","__export__.account_account_14622"
"__export__.account_account_14624","30601002","False","Regular","account.conf_account_type_equity","Actualización de Aportación P/Fut. Aum. de Capital","l10n_mx.g1","","__export__.account_account_14622"
"__export__.account_account_14625","30601003","False","Regular","account.conf_account_type_equity","Reserva Legal Actualizada","l10n_mx.g1","","__export__.account_account_14622"
"__export__.account_account_14626","30601004","False","Regular","account.conf_account_type_equity","Utilidades Acumuladas Actualizadas","l10n_mx.g1","","__export__.account_account_14622"
"__export__.account_account_14628","30601005","False","Regular","account.conf_account_type_equity","Efecto Acum. de Isr Actualizado","l10n_mx.g1","","__export__.account_account_14622"
"__export__.account_account_410","4","False","View","l10n_mx.account_type_view","CUENTAS DE ORDEN","","","__export__.account_account_406"
"__export__.account_account_424","41","False","View","l10n_mx.account_type_view","CUENTAS DE ORDEN","","","__export__.account_account_410"
"__export__.account_account_460","411","False","View","l10n_mx.account_type_view","CUENTAS DE ORDEN DEUDORAS","","","__export__.account_account_424"
"__export__.account_account_520","4111","False","View","l10n_mx.account_type_view","CUENTAS DE ORDEN DEUDORAS","","","__export__.account_account_460"
"__export__.account_account_684","4111001000","False","Regular","l10n_mx.account_type_other","CARTAS DE CREDITOS","","","__export__.account_account_520"
"__export__.account_account_685","4111002000","False","Regular","l10n_mx.account_type_other","MERCANCIAS EN CONSIGNACION","","","__export__.account_account_520"
"__export__.account_account_686","4111003000","False","Regular","l10n_mx.account_type_other","MERCANCIAS COMPRADAS EN TRANSITO","","","__export__.account_account_520"
"__export__.account_account_425","45","False","View","l10n_mx.account_type_view","CUENTAS DE ORDEN ACREEDORAS","","","__export__.account_account_410"
"__export__.account_account_461","451","False","View","l10n_mx.account_type_view","CUENTAS DE ORDEN ACREEDORAS","","","__export__.account_account_425"
"__export__.account_account_521","4511","False","View","l10n_mx.account_type_view","CUENTAS DE ORDEN ACREEDORAS","","","__export__.account_account_461"
"__export__.account_account_687","4511002000","False","Regular","l10n_mx.account_type_other","MERCANCIA EN CONSIGNACION P. COMPRA","","","__export__.account_account_521"
"__export__.account_account_688","4511003000","False","Regular","l10n_mx.account_type_other","MERCANCIA VENDIDAS EN TRANSITO","","","__export__.account_account_521"
"__export__.account_account_411","5","False","View","l10n_mx.account_type_view","INGRESOS","","","__export__.account_account_406"
"__export__.account_account_426","51","False","View","l10n_mx.account_type_view","INGRESOS OPERACIONALES","","","__export__.account_account_411"
"__export__.account_account_462","511","False","View","l10n_mx.account_type_view","INGRESOS OPERACIONALES","","","__export__.account_account_426"
"__export__.account_account_522","5111","False","View","l10n_mx.account_type_view","VENTAS","","","__export__.account_account_462"
"__export__.account_account_689","5111001000","False","Regular","l10n_mx.account_type_other","VENTAS NACIONALES","","","__export__.account_account_522"
"__export__.account_account_690","5111002000","False","Regular","l10n_mx.account_type_other","VENTAS NACIONALES AL DETAL","","","__export__.account_account_522"
"__export__.account_account_691","5111003000","False","Regular","l10n_mx.account_type_income","VENTAS EXPORTACION","","","__export__.account_account_522"
"__export__.account_account_692","5111004000","False","Regular","l10n_mx.account_type_other","VENTAS INMUEBLES","","","__export__.account_account_522"
"__export__.account_account_523","5112","False","View","l10n_mx.account_type_view","INGRESOS POR SERVICIOS","","","__export__.account_account_462"
"__export__.account_account_693","5112001000","False","Regular","l10n_mx.account_type_other","INGRESOS POR SERVICIOS","","","__export__.account_account_523"
"__export__.account_account_524","5114","False","View","l10n_mx.account_type_view","DESCUENTOS Y DEVOLUCION EN VENTAS","","","__export__.account_account_462"
"__export__.account_account_694","5114001000","False","Regular","l10n_mx.account_type_other","DESCUENTOS EN VENTAS","","","__export__.account_account_524"
"__export__.account_account_695","5114002000","False","Regular","l10n_mx.account_type_other","DEVOLUCIONES EN VENTAS","","","__export__.account_account_524"
"__export__.account_account_412","6","False","View","l10n_mx.account_type_view","COSTO","","","__export__.account_account_406"
"__export__.account_account_427","61","False","View","l10n_mx.account_type_view","COSTO DE VENTAS","","","__export__.account_account_412"
"__export__.account_account_463","611","False","View","l10n_mx.account_type_view","COSTO DE VENTAS","","","__export__.account_account_427"
"__export__.account_account_525","6111","False","View","l10n_mx.account_type_view","COSTO DE VENTAS","","","__export__.account_account_463"
"__export__.account_account_696","6111001000","False","Regular","l10n_mx.account_type_other","COSTO DE VENTAS","","","__export__.account_account_525"
"__export__.account_account_413","7","False","View","l10n_mx.account_type_view","GASTOS","","","__export__.account_account_406"
"__export__.account_account_428","71","False","View","l10n_mx.account_type_view","GASTOS OPERATIVOS","","","__export__.account_account_413"
"__export__.account_account_464","711","False","View","l10n_mx.account_type_view","GASTOS COMERCIALIZACION","","","__export__.account_account_428"
"__export__.account_account_526","7111","False","View","l10n_mx.account_type_view","GASTOS DE DISTRIBUCION","","","__export__.account_account_464"
"__export__.account_account_697","7111001000","False","Regular","l10n_mx.account_type_other","DISTRIBUCION Y REPARTO LOCALES","","","__export__.account_account_526"
"__export__.account_account_698","7111002000","False","Regular","l10n_mx.account_type_other","PROMOCIONES","","","__export__.account_account_526"
"__export__.account_account_699","7111003000","False","Regular","l10n_mx.account_type_other","ACTIVIDADES REGIONALES","","","__export__.account_account_526"
"__export__.account_account_700","7111004000","False","Regular","l10n_mx.account_type_other","EVENTOS ESPECIALES","","","__export__.account_account_526"
"__export__.account_account_701","7111005000","False","Regular","l10n_mx.account_type_other","MATERIALES PROMOCIONALES","","","__export__.account_account_526"
"__export__.account_account_702","7111006000","False","Regular","l10n_mx.account_type_other","PUBLICIDAD","","","__export__.account_account_526"
"__export__.account_account_703","7111007000","False","Regular","l10n_mx.account_type_other","MEDIOS","","","__export__.account_account_526"
"__export__.account_account_704","7111008000","False","Regular","l10n_mx.account_type_other","PRODUCCION MATERIAL P.O.P.","","","__export__.account_account_526"
"__export__.account_account_705","7111009000","False","Regular","l10n_mx.account_type_other","CUENTAS INCOBRABLES NACIONALES","","","__export__.account_account_526"
"__export__.account_account_706","7111010000","False","Regular","l10n_mx.account_type_other","TRANSPORTE Y FLETES","","","__export__.account_account_526"
"__export__.account_account_707","7111011000","False","Regular","l10n_mx.account_type_other","PATENTE INDUSTRIA Y COMERCIO","","","__export__.account_account_526"
"__export__.account_account_465","713","False","View","l10n_mx.account_type_view","GASTOS DE PERSONAL","","","__export__.account_account_428"
"__export__.account_account_527","7131","False","View","l10n_mx.account_type_view","GASTOS PERSONAL","","","__export__.account_account_465"
"__export__.account_account_708","7131001000","False","Regular","l10n_mx.account_type_other","SUELDOS EMPLEADOS","","","__export__.account_account_527"
"__export__.account_account_709","7131002000","False","Regular","l10n_mx.account_type_other","SUELDOS DIRECTIVOS","","","__export__.account_account_527"
"__export__.account_account_710","7131003000","False","Regular","l10n_mx.account_type_other","HORAS EXTRAS","","","__export__.account_account_527"
"__export__.account_account_711","7131004000","False","Regular","l10n_mx.account_type_other","HORAS EXTRAORDINARIAS","","","__export__.account_account_527"
"__export__.account_account_712","7131005000","False","Regular","l10n_mx.account_type_other","COMISION AL PERSONAL","","","__export__.account_account_527"
"__export__.account_account_713","7131006000","False","Regular","l10n_mx.account_type_other","TRANSPORTE Y ALIMENTACION","","","__export__.account_account_527"
"__export__.account_account_714","7131007000","False","Regular","l10n_mx.account_type_other","PROGRAMA DE ALIMENTACION EMPLEADOS","","","__export__.account_account_527"
"__export__.account_account_715","7131008000","False","Regular","l10n_mx.account_type_other","BENEFICIOS UNIFORMES","","","__export__.account_account_527"
"__export__.account_account_716","7131009000","False","Regular","l10n_mx.account_type_other","BENEFICIOS COMEDOR","","","__export__.account_account_527"
"__export__.account_account_717","7131010000","False","Regular","l10n_mx.account_type_other","BENEFICIOS SERVICIOS MEDICOS","","","__export__.account_account_527"
"__export__.account_account_718","7131011000","False","Regular","l10n_mx.account_type_other","BENEFICIOS AYUDAS ESCOLARES","","","__export__.account_account_527"
"__export__.account_account_719","7131012000","False","Regular","l10n_mx.account_type_other","BENEFICIOS ADIESTRAMIENTOS-CURSOS","","","__export__.account_account_527"
"__export__.account_account_720","7131013000","False","Regular","l10n_mx.account_type_other","BENEFICIOS BECAS","","","__export__.account_account_527"
"__export__.account_account_721","7131016000","False","Regular","l10n_mx.account_type_other","PRESTACIONES SOCIALES","","","__export__.account_account_527"
"__export__.account_account_722","7131017000","False","Regular","l10n_mx.account_type_other","INTERESES S/PRESTACIONES SOCIALES","","","__export__.account_account_527"
"__export__.account_account_723","7131018000","False","Regular","l10n_mx.account_type_other","UTILIDADES","","","__export__.account_account_527"
"__export__.account_account_724","7131019000","False","Regular","l10n_mx.account_type_other","VACACIONES","","","__export__.account_account_527"
"__export__.account_account_725","7131020000","False","Regular","l10n_mx.account_type_other","BONO VACACIONAL","","","__export__.account_account_527"
"__export__.account_account_726","7131021000","False","Regular","l10n_mx.account_type_other","CONTRIBUCIONES","","","__export__.account_account_527"
"__export__.account_account_727","7131025000","False","Regular","l10n_mx.account_type_other","BONIFICACION UNICA ESPECIAL","","","__export__.account_account_527"
"__export__.account_account_728","7131030000","False","Regular","l10n_mx.account_type_other","VIATICOS Y GASTOS DE REPRESENTACION","","","__export__.account_account_527"
"__export__.account_account_729","7131031000","False","Regular","l10n_mx.account_type_other","HONORARIOS POR PARTIPACION JUNTA DIRECTIVA","","","__export__.account_account_527"
"__export__.account_account_730","7131033000","False","Regular","l10n_mx.account_type_other","PRIMA POR RENDIMIENTO","","","__export__.account_account_527"
"__export__.account_account_731","7131035000","False","Regular","l10n_mx.account_type_other","GASTOS PERSONAL CONTRATADO","","","__export__.account_account_527"
"__export__.account_account_732","7131036000","False","Regular","l10n_mx.account_type_other","GASTOS PERSONAL TRANSFERIDOSR","","","__export__.account_account_527"
"__export__.account_account_466","715","False","View","l10n_mx.account_type_view","GASTOS GENERALES","","","__export__.account_account_428"
"__export__.account_account_528","7151","False","View","l10n_mx.account_type_view","GASTOS GENERALES","","","__export__.account_account_466"
"__export__.account_account_733","7151001000","False","Regular","l10n_mx.account_type_other","SUMINISTROS DE EQUIPOS DE OFICINA","","","__export__.account_account_528"
"__export__.account_account_734","7151002000","False","Regular","l10n_mx.account_type_other","REPARACIONES","","","__export__.account_account_528"
"__export__.account_account_735","7151003000","False","Regular","l10n_mx.account_type_other","MANTENIMIENTOS","","","__export__.account_account_528"
"__export__.account_account_736","7151004000","False","Regular","l10n_mx.account_type_other","MANTENIMIENTO DE VEHICULOS","","","__export__.account_account_528"
"__export__.account_account_737","7151005000","False","Regular","l10n_mx.account_type_other","ARTICULOS DE OFICINA","","","__export__.account_account_528"
"__export__.account_account_738","7151006000","False","Regular","l10n_mx.account_type_other","UTILES DE LIMPIEZA","","","__export__.account_account_528"
"__export__.account_account_739","7151007000","False","Regular","l10n_mx.account_type_other","HONORARIOS PROFESIONALES","","","__export__.account_account_528"
"__export__.account_account_740","7151009000","False","Regular","l10n_mx.account_type_other","SERVICIOS PUBLICOS","","","__export__.account_account_528"
"__export__.account_account_741","7151010000","False","Regular","l10n_mx.account_type_other","ENERGIA ELECTRICA","","","__export__.account_account_528"
"__export__.account_account_742","7151012000","False","Regular","l10n_mx.account_type_other","TELEFONOS Y TELECOMUNICACIONES","","","__export__.account_account_528"
"__export__.account_account_743","7151013000","False","Regular","l10n_mx.account_type_other","AGUA POTABLE Y REFRIGERIO","","","__export__.account_account_528"
"__export__.account_account_744","7151014000","False","Regular","l10n_mx.account_type_other","ASEO URBANO","","","__export__.account_account_528"
"__export__.account_account_745","7151015000","False","Regular","l10n_mx.account_type_other","PALERIA Y FOTOCOPIADO","","","__export__.account_account_528"
"__export__.account_account_746","7151016000","False","Regular","l10n_mx.account_type_other","ASEO Y LIMPIEZA","","","__export__.account_account_528"
"__export__.account_account_747","7151017000","False","Regular","l10n_mx.account_type_other","PASAJES LOCALES Y EXT.DEDUCIBLES","","","__export__.account_account_528"
"__export__.account_account_748","7151018000","False","Regular","l10n_mx.account_type_other","PASAJE EXTERIOR NO DEDUCIBLE","","","__export__.account_account_528"
"__export__.account_account_749","7151019000","False","Regular","l10n_mx.account_type_other","VIATICOS DEDUCIBLES","","","__export__.account_account_528"
"__export__.account_account_750","7151020000","False","Regular","l10n_mx.account_type_other","VIATICOS NO DEDUCIBLES","","","__export__.account_account_528"
"__export__.account_account_751","7151021000","False","Regular","l10n_mx.account_type_other","GASTOS DE REPRESENTACION","","","__export__.account_account_528"
"__export__.account_account_752","7151022000","False","Regular","l10n_mx.account_type_other","HOSPEDAJE","","","__export__.account_account_528"
"__export__.account_account_753","7151023000","False","Regular","l10n_mx.account_type_other","EQUIPOS Y EVENTOS DEPORTIVOS","","","__export__.account_account_528"
"__export__.account_account_754","7151024000","False","Regular","l10n_mx.account_type_other","CONVENSION  DE COMERCIALIZACION","","","__export__.account_account_528"
"__export__.account_account_755","7151025000","False","Regular","l10n_mx.account_type_other","OTROS GASTOS","","","__export__.account_account_528"
"__export__.account_account_756","7151026000","False","Regular","l10n_mx.account_type_other","ARRENDAMIENTO","","","__export__.account_account_528"
"__export__.account_account_757","7151027000","False","Regular","l10n_mx.account_type_other","AVERIAS-PRODUCTOS","","","__export__.account_account_528"
"__export__.account_account_758","7151028000","False","Regular","l10n_mx.account_type_other","AJUSTE DE INVENTARIOS DONADOS","","","__export__.account_account_528"
"__export__.account_account_759","7151029000","False","Regular","l10n_mx.account_type_other","AJUSTE DE INVENTARIOS OBSOLETOS","","","__export__.account_account_528"
"__export__.account_account_760","7151030000","False","Regular","l10n_mx.account_type_other","TRAMITES DE SOLVENCIAS","","","__export__.account_account_528"
"__export__.account_account_761","7151031000","False","Regular","l10n_mx.account_type_other","CONDOMINIOS","","","__export__.account_account_528"
"__export__.account_account_762","7151032000","False","Regular","l10n_mx.account_type_other","FLETES Y TRANSPORTES","","","__export__.account_account_528"
"__export__.account_account_763","7151033000","False","Regular","l10n_mx.account_type_other","ESTACIONAMINETO","","","__export__.account_account_528"
"__export__.account_account_764","7151035000","False","Regular","l10n_mx.account_type_other","TRAMITES LEGALES","","","__export__.account_account_528"
"__export__.account_account_765","7151036000","False","Regular","l10n_mx.account_type_other","GASTOS DE SISTEMAS","","","__export__.account_account_528"
"__export__.account_account_766","7151037000","False","Regular","l10n_mx.account_type_other","DERECHO DE FRENTE","","","__export__.account_account_528"
"__export__.account_account_767","7151039000","False","Regular","l10n_mx.account_type_other","COMIDAS, VIAJES Y TRASLADOS","","","__export__.account_account_528"
"__export__.account_account_768","7151040000","False","Regular","l10n_mx.account_type_other","COMBUSTIBLES","","","__export__.account_account_528"
"__export__.account_account_769","7151041000","False","Regular","l10n_mx.account_type_other","GASTOS DE ISR ","","","__export__.account_account_528"
"__export__.account_account_770","7151042000","False","Regular","l10n_mx.account_type_other","REPAROS","","","__export__.account_account_528"
"__export__.account_account_771","7151043000","False","Regular","l10n_mx.account_type_other","SEGUROS","","","__export__.account_account_528"
"__export__.account_account_772","7151044000","False","Regular","l10n_mx.account_type_other","PARTIDAS NO DEDUCIBLES","","","__export__.account_account_528"
"__export__.account_account_773","7151045000","False","Regular","l10n_mx.account_type_other","SERVICIOS CONTRATADOS A TERCEROS","","","__export__.account_account_528"
"__export__.account_account_774","7151046000","False","Regular","l10n_mx.account_type_cash","BONIFICACION UNICA ESPECIAL","","","__export__.account_account_528"
"__export__.account_account_775","7151047000","False","Regular","l10n_mx.account_type_cash","SERVICIOS DE PUBLICIDAD","","","__export__.account_account_528"
"__export__.account_account_776","7151048000","False","Regular","l10n_mx.account_type_other","REMANENTES DISTRIBUIBLES","","","__export__.account_account_528"
"__export__.account_account_777","7151049000","False","Regular","l10n_mx.account_type_other","ASIMILABLES A SALARIOS","","","__export__.account_account_528"
"__export__.account_account_467","716","False","View","l10n_mx.account_type_view","DEPRECIACION Y AMORTIZACION","","","__export__.account_account_428"
"__export__.account_account_529","7161","False","View","l10n_mx.account_type_view","DEPRECIACION","","","__export__.account_account_467"
"__export__.account_account_778","7161002000","False","Regular","l10n_mx.account_type_other","INMUEBLES","","","__export__.account_account_529"
"__export__.account_account_779","7161003000","False","Regular","l10n_mx.account_type_other","MAQUINARIAS Y EQUIPOS","","","__export__.account_account_529"
"__export__.account_account_780","7161004000","False","Regular","l10n_mx.account_type_other","VEHICULOS","","","__export__.account_account_529"
"__export__.account_account_781","7161005000","False","Regular","l10n_mx.account_type_other","MUEBLES Y ENSERES","","","__export__.account_account_529"
"__export__.account_account_782","7161006000","False","Regular","l10n_mx.account_type_other","LICENCIA Y SOFTWARE","","","__export__.account_account_529"
"__export__.account_account_783","7161007000","False","Regular","l10n_mx.account_type_other","MEJORAS A PROPIEDAD","","","__export__.account_account_529"
"__export__.account_account_530","7162","False","View","l10n_mx.account_type_view","AMORTIZACION","","","__export__.account_account_467"
"__export__.account_account_784","7162001000","False","Regular","l10n_mx.account_type_other","SEGUROS","","","__export__.account_account_530"
"__export__.account_account_414","9","False","View","l10n_mx.account_type_view","OTROS INGRESOS (EGRESOS)","","","__export__.account_account_406"
"__export__.account_account_429","91","False","View","l10n_mx.account_type_view","EGRESOS","","","__export__.account_account_414"
"__export__.account_account_468","911","False","View","l10n_mx.account_type_view","GASTOS FINANCIEROS","","","__export__.account_account_429"
"__export__.account_account_531","9111","False","View","l10n_mx.account_type_view","GASTOS FINANCIEROS","","","__export__.account_account_468"
"__export__.account_account_785","9111001000","False","Regular","l10n_mx.account_type_other","INTERESES BANCOS NACIONALES","","","__export__.account_account_531"
"__export__.account_account_786","9111002000","False","Regular","l10n_mx.account_type_other","COMISIONES Y GASTOS BANCARIOS","","","__export__.account_account_531"
"__export__.account_account_787","9111003000","False","Regular","l10n_mx.account_type_other","COMISIONES TICKET DE ALIMENTACION","","","__export__.account_account_531"
"__export__.account_account_788","9111004000","False","Regular","l10n_mx.account_type_other","INTERESES POR FINANCIAMIENTOS","","","__export__.account_account_531"
"__export__.account_account_789","9111099000","False","Regular","l10n_mx.account_type_other","OTROS EGRESOS","","","__export__.account_account_531"
"__export__.account_account_532","9113","False","View","l10n_mx.account_type_view","OTROS EGRESOS","","","__export__.account_account_468"
"__export__.account_account_790","9113002000","False","Regular","l10n_mx.account_type_other","INTERESES S/PRESTACIONES SOCIALES","","","__export__.account_account_532"
"__export__.account_account_791","9113003000","False","Regular","l10n_mx.account_type_other","PERDIDAS EN VENTAS ACTIVOS FIJOS","","","__export__.account_account_532"
"__export__.account_account_792","9113004000","False","Regular","l10n_mx.account_type_other","PERDIDAS EN INVERSIONES DE BONOS P.","","","__export__.account_account_532"
"__export__.account_account_793","9113005000","False","Regular","l10n_mx.account_type_other","PERDIDAS EN VENTAS DE INVERSIONES","","","__export__.account_account_532"
"__export__.account_account_794","9113006000","False","Regular","l10n_mx.account_type_other","PERDIDAS EN DIFERENCIAL CAMBIARIO","","","__export__.account_account_532"
"__export__.account_account_795","9113007000","False","Regular","l10n_mx.account_type_other","AJUSTE DE AÑOS ANTERIORES","","","__export__.account_account_532"
"__export__.account_account_796","9113010000","False","Regular","l10n_mx.account_type_other","PERDIDA POR ROBO DE INVENTARIO","","","__export__.account_account_532"
"__export__.account_account_797","9113012000","False","Regular","l10n_mx.account_type_other","FLUCTUACION CAMBIARIA NO REALIZADAS","","","__export__.account_account_532"
"__export__.account_account_533","9114","False","View","l10n_mx.account_type_view","EGRESOS NO GRAVABLES","","","__export__.account_account_468"
"__export__.account_account_798","9114001000","False","Regular","l10n_mx.account_type_other","IMPUESTOS A LAS TRANSACIONES FINANCIERAS","","","__export__.account_account_533"
"__export__.account_account_430","92","False","View","l10n_mx.account_type_view","OTROS INGRESOS","","","__export__.account_account_414"
"__export__.account_account_469","921","False","View","l10n_mx.account_type_view","OTROS INGRESOS","","","__export__.account_account_430"
"__export__.account_account_534","9211","False","View","l10n_mx.account_type_view","INGRESOS FINANCIEROS","","","__export__.account_account_469"
"__export__.account_account_799","9211001000","False","Regular","l10n_mx.account_type_income","INTERESES DE BANCOS NACIONALES","","","__export__.account_account_534"
"__export__.account_account_800","9211002000","False","Regular","l10n_mx.account_type_other","INTERESES DE BANCOS EXTRANJEROS","","","__export__.account_account_534"
"__export__.account_account_801","9211003000","False","Regular","l10n_mx.account_type_other","OTROS INGRESOS FINANCIEROS","","","__export__.account_account_534"
"__export__.account_account_535","9212","False","View","l10n_mx.account_type_view","OTROS INGRESOS","","","__export__.account_account_469"
"__export__.account_account_802","9212001000","False","Regular","l10n_mx.account_type_other","GANANCIAS EN VENTAS DE ACTIVOS FIJOS","","","__export__.account_account_535"
"__export__.account_account_803","9212002000","False","Regular","l10n_mx.account_type_other","GANANCIAS EN VENTAS DE INVERSIONES","","","__export__.account_account_535"
"__export__.account_account_804","9212003000","False","Regular","l10n_mx.account_type_income","GANANCIAS EN DIFERENCIAL CAMBIARIO","","","__export__.account_account_535"
"__export__.account_account_805","9212004000","False","Regular","l10n_mx.account_type_other","INTERESES VARIOS","","","__export__.account_account_535"
"__export__.account_account_806","9212005000","False","Regular","l10n_mx.account_type_other","OTROS INGRESOS","","","__export__.account_account_535"
